8231358,-2.943479,-1.4178516,6.370752
8231368,-3.0560448,-1.2741504,5.7145166
8231468,-3.2931519,-4.7720766,-2.3854394
8231478,-2.6931994,-5.492977,-3.9026842
8231488,-2.2764661,-6.2797413,-4.939728
8231498,-1.0669812,-7.2221813,-6.3911095
8231508,-0.42751098,-9.226812,-7.65089
8231518,0.53049684,-10.891352,-9.473499
8231528,0.9699829,-12.402609,-9.048384
8231538,1.7232165,-14.706617,-7.167096
8231548,3.0177245,-16.276552,-5.0403185
8231558,3.634442,-17.092056,-2.3698719
8231568,4.0092626,-15.178436,1.0095007
8231578,5.17444,-8.9513855,2.882406
8231588,3.7973034,-6.8234105,-0.43469605
8231598,3.8344262,-9.54535,-9.552535
8231608,3.1925611,-16.259789,-14.188096
8231618,2.7878027,-22.733526,-11.952345
8231628,1.8106347,-26.973907,-3.4871485
8231638,-2.193838,-26.169182,-2.1878502
8231648,-4.1218286,-19.452349,-7.1706886
8231658,-4.1170387,-11.662548,-8.128696
8231668,-2.44771,-3.8404138,-14.140195
8231678,-2.098037,5.3875966,-10.920092
8231688,0.19040406,14.310242,-8.687933
8231698,1.2382251,11.303295,-14.740148
8231708,-0.671803,2.5530908,-14.456338
8231718,-0.8095166,-4.3912683,-13.578564
8231728,-2.5578809,-9.815988,-16.562757
8231738,-5.007986,-13.272,-16.319664
8231748,-7.70837,-15.438296,-9.811197
8231758,-7.9921803,-14.521004,-7.5023985
8231768,-8.411308,-16.275354,-9.836346
8231778,-8.157436,-17.62375,-8.049661
8231788,-10.708133,-21.291723,-10.847043
8231799,-12.353511,-25.23632,-18.0812
8231809,-16.578325,-20.829485,-16.705261
8231819,-15.441889,-11.669733,-17.251326
8231829,-11.437416,-3.5075061,-21.114492
8231839,-10.976375,0.5628296,-24.004084
8231849,-11.766731,2.3902295,-19.084713
8231859,-15.973583,-0.24548951,-2.0058289
8231869,-15.986755,-6.5192432,5.1995873
8231879,-11.876902,-8.65081,11.070978
8231889,-2.4644752,-5.273833,3.549419
8231899,-1.4453943,-0.26105714,-4.0727305
8231909,-5.124144,-5.452262,-12.184662
8231919,-9.649533,-5.1133666,-4.653523
8231929,-8.339458,-6.588699,-6.7383876
8231939,-9.378897,-12.552298,-3.627257
8231949,-10.223141,-17.337547,4.7086086
8231959,-6.2785435,-15.665823,8.964558
8231969,-4.3146276,-11.597882,3.5745666
8231979,-9.075927,-9.911788,1.0035132
8231989,-10.882969,-11.057805,2.4345374
8231999,-4.966073,-13.179792,1.0861413
8232009,-2.0645068,-14.778468,-1.5735278
8232019,-4.470304,-12.30082,3.1805859
8232029,-3.8212538,-6.605464,7.1682935
8232039,-2.266886,-4.749324,8.97294
8232049,0.2574646,-5.676196,7.176676
8232059,1.9148182,-9.81958,1.3208532
8232069,-1.3795313,-17.262104,8.484357
8232079,4.0188427,-15.1700535,11.33443
8232089,6.4940953,-8.8963,2.8009753
8232099,5.140909,-8.23767,-7.0904555
8232116,0.8813672,-7.1838613,-7.6161623
8232126,-2.994972,-3.9469922,-5.2510805
8232136,-4.333788,0.979563,-0.75203615
8232146,-6.4330225,4.071533,10.254276
8232156,-8.181387,3.5805542,14.247972
8232166,-6.781498,5.979166,11.607462
8232177,-4.340973,5.357659,5.1217494
8232187,-4.2248144,0.6167175,1.113684
8232197,-4.6475353,-4.362528,0.7161108
8232207,-3.2895594,-9.237591,-2.515968
8232217,-4.2834926,-16.775915,-5.652246
8232227,-7.9670324,-26.548792,-5.7288866
8232237,-7.056925,-26.941574,-0.11376343
8232247,-3.138673,-16.975899,3.38536
8232257,-3.4835558,-8.871152,1.9555335
8232267,-8.641231,-4.517007,4.1661363
8232277,-9.072334,-3.075205,3.2596216
8232287,-7.259304,0.4658313,1.411864
8232297,-7.355105,3.190166,-0.085023195
8232307,-7.8592567,0.20118164,-0.70533323
8232317,-6.892866,-6.532416,-0.8741821
8232327,-6.2977037,-12.430151,-0.9580078
8232337,-4.2667274,-17.082478,-1.8597326
8232347,-4.8870373,-21.606668,-1.84656
8232357,-8.981323,-23.59214,1.1496093
8232367,-8.434061,-21.072578,2.4249573
8232377,-5.3408937,-15.294595,0.556842
8232387,-4.461921,-9.310638,-1.712439
8232397,-4.9529004,-4.9445176,-2.8452833
8232407,-6.7431774,-2.0776794,1.84177
8232417,-5.6785913,-0.29578492,7.2880445
8232427,-3.739823,0.8202942,5.1145644
8232437,-4.54934,-0.552052,1.6681311
8232447,-6.0570045,-2.806963,2.8764184
8232457,-5.1133666,-3.5218763,3.812871
8232467,-3.2428565,-2.818938,3.681145
8232477,-2.501598,-3.6607873,2.76984
8232487,-2.3207738,-2.8883936,4.206852
8232497,-0.05388794,0.4155359,6.900051
8232507,-1.4022839,-0.852627,8.0436735
8232517,-6.4402075,-8.529862,10.866203
8232527,-5.500162,-16.719631,7.66526
8232537,-4.870272,-19.448755,6.0905347
8232547,-4.7397437,-15.973583,5.5456676
8232557,-6.8725085,-11.4206505,9.144184
8232567,-3.1686108,-6.446195,8.984916
8232577,-1.9124231,-5.7528367,4.792434
8232587,-2.0764818,-6.946754,1.1424243
8232597,-2.5423133,-7.95386,3.265609
8232607,-1.8896704,-8.361013,0.31494507
8232618,-3.8523889,-9.902208,-0.94363767
8232628,-6.0665846,-11.0266695,1.3579761
8232638,-4.7744713,-8.119116,2.6345215
8232648,-3.427273,-7.2736745,0.82747924
8232658,-6.377937,-9.430389,-0.5736072
8232668,-9.437574,-11.233839,0.19998413
8232678,-9.775272,-10.475816,3.0344896
8232688,-8.486752,-8.746612,4.867877
8232698,-7.5850267,-6.734795,2.9291089
8232708,-6.7204247,-5.718109,-3.1686108
8232718,-9.257948,-10.302176,-6.0270667
8232728,-10.262659,-14.279106,-1.6777111
8232738,-6.9766917,-13.400134,-0.13412109
8232748,-6.652167,-12.049343,-1.4645544
8232758,-8.174202,-11.267369,-2.15911
8232768,-8.1143265,-11.081756,-3.66917
8232784,-8.59812,-10.994337,-2.4692652
8232794,-10.048305,-10.328522,3.2715967
8232804,-7.6616673,-9.902208,3.5398388
8232814,-6.255791,-10.360854,3.2320788
8232824,-4.5768824,-9.954899,0.7604187
8232834,-2.9291089,-11.850556,-5.254673
8232844,-4.127816,-12.299623,-4.397256
8232854,-2.2453308,-10.181228,-1.465752
8232864,-0.6730005,-10.899734,-2.1806653
8232874,-2.8692334,-12.820539,1.4262341
8232884,-2.6153612,-12.01222,-1.0059083
8232894,-2.5291407,-8.756191,-0.25147706
8232904,-0.96040285,-0.7975415,5.962401
8232914,1.3807287,1.6334033,3.9002893
8232924,1.3567786,-0.8250842,0.85023195
8232934,0.4790039,-2.6441016,5.4414845
8232944,0.6861731,-4.564907,-1.8453625
8232954,-2.335144,-4.2559495,-0.88735473
8232964,-0.61073,-2.8836036,-7.547904
8232975,-0.8490344,1.1160791,-8.663983
8232985,-1.4250367,-9.392069,-15.814314
8232995,-4.475094,-17.515976,-2.884801
8233005,-4.493057,-15.281422,3.1135254
8233015,-5.2486854,-12.050541,-2.9159362
8233025,-4.939728,-5.318141,-4.2822948
8233035,-3.9649549,2.9877868,-13.293556
8233045,-1.9639161,5.349276,-17.535135
8233055,-3.4093103,0.31135255,-14.870676
8233065,-4.1098537,-1.6429834,-11.664943
8233075,-5.3133507,-0.6646179,-11.54639
8233085,-6.0641894,2.821333,-12.373868
8233095,-7.442523,1.6190332,-15.698155
8233105,-7.4161777,-4.162544,-16.474142
8233115,-6.9287915,-7.5838294,-13.855188
8233125,-4.1864944,-3.5015185,-12.936698
8233135,-3.4440382,-1.4286292,-14.135406
8233145,-4.0368056,0.5281018,-7.428153
8233155,-4.1517663,-1.6920813,-7.515571
8233165,-6.604266,-4.148174,-8.435259
8233175,-7.0904555,-2.2357507,-6.2414207
8233185,-7.625742,0.6215076,-7.6413097
8233195,-8.438851,2.647694,-9.035212
8233205,-8.168214,2.7351122,-10.364447
8233215,-7.5838294,1.0502161,-11.581117
8233225,-6.739585,-2.3974144,-11.067386
8233235,-5.4510646,-7.7682457,-12.843292
8233245,-6.211483,-11.73799,-9.419612
8233255,-7.3575,-10.542876,-2.887196
8233265,-6.9036436,-8.184979,-1.0681787
8233275,-5.6007533,-7.8472815,-4.5469446
8233285,-7.9694276,-8.9022875,-0.87178713
8233295,-6.295309,-11.395503,-7.739506
8233305,-4.7397437,-10.08902,-6.8653235
8233315,-3.9577699,-7.545509,-2.1710851
8233325,-2.347119,-8.410111,-4.4271936
8233335,-1.0514135,-7.892787,-8.131091
8233346,-2.5686584,-10.850636,-2.1890478
8233356,-3.0009594,-12.308005,-12.460089
8233366,-7.961045,-4.7553115,-14.347364
8233376,-13.398937,-3.969745,-13.8827305
8233386,-13.946198,-5.108577,-6.404282
8233396,-10.663824,-9.382489,-1.275348
8233406,-3.800896,-14.355747,1.5914905
8233416,1.7375866,-15.940052,2.8692334
8233426,1.5663428,-15.069463,3.2308815
8233436,-3.2692018,-11.710448,1.167572
8233446,-8.05924,-8.614885,-2.4405248
8233456,-9.78126,-7.191046,-4.319418
8233466,-9.740544,-10.227931,-5.667814
8233476,-9.123827,-15.235917,0.60234743
8233486,-3.6416273,-15.902929,5.925278
8233502,-0.796344,-10.882969,8.562195
8233512,-1.6729212,-6.42943,6.619834
8233522,-3.509901,-3.861969,3.3877552
8233532,-1.8645227,-2.7997777,-2.7422974
8233542,0.34248778,-4.694238,-3.9410048
8233552,-0.06346802,-12.857662,-2.098037
8233562,-1.9016455,-14.062357,1.4932947
8233572,-1.890868,-5.579198,1.1855347
8233583,-2.6836195,-3.9278321,-0.4538562
8233593,-4.460724,-9.667497,-2.2417383
8233603,-4.3230104,-13.104349,0.4047583
8233613,-1.7615368,-11.555969,5.295388
8233623,-2.5267456,-4.768484,8.90109
8233633,-3.0811927,0.3544629,7.589817
8233643,-3.6703675,2.4393275,8.240065
8233653,-3.5961218,3.6643798,10.467433
8233663,-2.4417224,5.1995873,10.087822
8233673,-1.531615,5.181625,7.110813
8233683,-2.5662634,-0.19160156,3.9445972
8233693,-5.2426977,-7.6161623,2.809358
8233703,-6.890471,-11.811039,4.949308
8233713,-4.0164475,-11.252999,4.197272
8233723,-3.171006,-10.885364,2.203418
8233733,-2.941084,-11.824211,-1.3843213
8233743,-6.476133,-11.917617,4.3421702
8233753,-4.4738965,-4.9648757,6.956334
8233763,-1.8681152,2.5291407,2.5878186
8233773,-4.357738,4.0882983,-2.2465284
8233783,-9.811197,-1.2202624,-4.728966
8233793,-18.38896,-11.01709,-4.022435
8233803,-14.419215,-16.197517,-1.0023156
8233813,-4.1074586,-17.490828,0.14370117
8233823,-2.391427,-21.520449,-2.9111462
8233833,-10.365644,-26.42425,-0.8586145
8233843,-12.837305,-25.195606,-0.84065187
8233853,-11.405083,-17.538729,0.26345214
8233863,-11.341615,-13.774955,1.7184265
8233873,-7.5538917,-7.301217,4.077521
8233883,-3.6643798,4.2224193,7.0629125
8233893,-1.0777588,11.886482,5.149292
8233903,0.5879773,5.3373013,-1.9459534
8233913,-2.4333398,-4.7888417,-1.6968713
8233923,-8.242459,-9.716595,8.244855
8233933,-6.0150914,-12.469669,7.5107813
8233943,-2.990182,-10.159673,6.6330066
8233953,-3.4212854,-11.081756,2.9542565
8233963,-3.570974,-13.909076,1.2130774
8233973,-2.405797,-18.640436,0.7592212
8233984,-1.0801538,-20.859423,5.0738487
8233994,0.82867676,-10.249486,8.619676
8234004,0.92328,-7.5838294,3.0332923
8234014,-1.9447559,-16.905245,-3.2153137
8234024,-4.9672704,-19.606827,1.4549744
8234034,-1.7483642,-12.667258,4.123026
8234044,-1.9675086,-3.8308337,4.6990285
8234054,-5.1121693,2.7710376,3.417693
8234064,-9.351354,7.5934095,3.5554066
8234074,-10.332114,10.484198,4.0727305
8234084,-7.359895,10.545271,6.1156826
8234094,-2.8392956,7.6904078,5.1301317
8234104,-3.5122962,2.894381,4.8499146
8234114,-4.5325747,-3.3482373,4.564907
8234124,-4.3421702,-9.659114,4.6247826
8234134,-3.7769458,-12.681628,3.9661524
8234144,-7.7419004,-15.737674,1.7914746
8234154,-5.9851537,-6.925199,0.88855225
8234164,-3.3362622,-1.9806812,1.607058
8234174,-4.6104126,-4.792434,0.7975415
8234184,-3.0488598,-5.5025573,-1.1723621
8234194,-3.2763867,-11.926,1.7998571
8234204,-7.9011693,-16.60467,3.9050794
8234214,-6.2246556,-19.218834,2.4297473
8234224,-4.8798523,-16.96512,-1.1855347
8234234,-5.4726195,-13.372592,-6.827003
8234244,-8.975336,-14.07074,-7.904762
8234254,-10.751243,-13.83004,-6.1767554
8234264,-11.118878,-13.816868,-4.1805067
8234274,-10.298584,-15.160474,0.1844165
8234284,-6.260581,-12.428954,-0.5041516
8234294,-5.8642054,-9.139395,1.5004797
8234304,-10.542876,-11.363171,7.820936
8234314,-11.393108,-13.49833,4.218827
8234324,-9.46871,-10.165661,-0.9568103
8234334,-6.9611244,-7.2712793,-10.457852
8234344,-8.346643,-3.3697925,-4.2667274
8234354,-6.539601,-1.299298,-6.3108764
8234372,-6.4234424,-2.259701,-3.98172
8234382,-4.311035,-9.572893,-3.685935
8234392,-4.636758,-12.798985,1.8669177
8234403,-3.505111,-12.8133545,3.671565
8234413,-3.1638207,-4.946913,11.296109
8234423,-0.1963916,-10.213561,5.093009
8234433,-2.027384,-15.779586,7.077283
8234443,0.4682263,-13.75819,4.472699
8234453,0.554447,-6.885681,1.5148499
8234463,-0.8634045,-1.8405725,-3.117118
8234473,-2.9303064,3.911067,-4.176914
8234483,-2.2968237,0.041912843,-1.773512
8234493,-3.5206788,-9.370514,1.0957215
8234503,-2.2417383,-14.620397,2.8740234
8234513,-1.289718,-15.526912,5.447472
8234523,-2.1579125,-16.625029,3.7158728
8234533,-3.3697925,-13.286371,1.355581
8234543,-3.8020935,-8.9442005,0.74006104
8234553,-4.6008325,-6.7575474,-0.5616321
8234563,-4.169729,-4.533772,-4.1457787
8234573,-2.8357031,-1.2969031,-6.4258375
8234583,0.085023195,-0.69096315,-10.899734
8234593,-1.9076331,-4.4487486,-9.406439
8234603,-4.311035,-9.038804,-4.190087
8234613,-9.562116,-10.443482,-5.7528367
8234623,-9.072334,-10.17045,-9.031619
8234633,-4.653523,-8.599318,-8.854387
8234643,1.5016773,-7.3658824,-6.292914
8234653,0.2826123,-8.749006,-6.4665527
8234663,-3.542234,-10.357262,-7.355105
8234673,-5.9420433,-10.409952,-6.6629443
8234683,-5.5851855,-10.130933,-8.367001
8234693,-5.740862,-9.542955,-9.144184
8234703,-6.6725245,-9.693842,-10.180031
8234713,-7.340735,-9.4507475,-10.395582
8234723,-7.691605,-8.653206,-8.926238
8234737,-7.0257897,-7.5682616,-8.441246
8234747,-6.9383717,-5.9420433,-8.363408
8234757,-6.7324,-4.64514,-8.253238
8234767,-7.2401443,-4.1457787,-7.7035804
8234777,-7.139553,-4.555327,-7.9909825
8234787,-6.7551527,-5.3540664,-6.4629602
8234797,-6.189928,-6.332432,-4.9924183
8234807,-5.7564297,-6.3204565,-3.6356397
8234817,-4.581672,-5.1157618,-3.3985326
8234827,-3.4548156,-4.0894957,-4.7445335
8234837,-3.9853125,-4.5469446,-3.7050953
8234847,-5.8785753,-7.7047777,1.7136365
8234857,-6.2007055,-13.372592,9.140592
8234867,-6.2653713,-16.81184,13.254038
8234877,-5.805527,-17.204622,11.700868
8234887,-4.374503,-13.521083,4.6152024
8234897,-5.1528845,-8.962163,-1.4250367
8234907,-6.422245,-7.1706886,-4.997208
8234917,-8.897497,-5.1049843,-1.3639636
8234927,-5.3780165,-4.6355605,-0.20836669
8234937,-0.76281375,-3.2775843,-4.636758
8234947,-0.68377805,-4.6738806,-4.628375
8234957,-3.6895275,-3.7841308,-6.10251
8234967,-9.990824,-6.8413734,2.689607
8234977,-10.565629,-13.4815645,1.0609937
8234987,-9.405242,-17.983004,4.5888577
8234997,-3.5110986,-17.94229,3.5578015
8235007,-0.15447876,-14.877861,1.5819104
8235017,-0.8969348,-12.054133,-0.5879773
8235027,-4.6128078,-9.508227,0.6430628
8235037,-7.1359606,-7.897577,0.70293826
8235047,-7.198231,-5.788762,-1.9639161
8235057,-5.8713903,-4.87626,-4.3780956
8235067,-5.542075,-6.326444,-3.6967127
8235077,-4.7110033,-8.731044,-3.206931
8235087,-4.0655456,-10.232721,-1.3280383
8235097,-3.126698,-8.989706,-1.6250207
8235111,-3.1051428,-6.1061025,-3.0201197
8235121,-3.4440382,-4.716991,-5.7839723
8235131,-4.263135,-4.1852965,-5.9779687
8235141,-4.567302,-4.9912205,-6.421047
8235151,-5.252278,-7.0162096,-4.084706
8235161,-4.4020457,-9.135802,-1.8273998
8235171,-2.4297473,-8.093968,0.21914428
8235181,-0.9089099,-7.8377013,0.7197034
8235191,0.66940796,-6.0270667,-2.2944288
8235201,-0.54247195,-6.514453,1.3268409
8235211,-1.1232642,-3.6308496,-11.351195
8235221,-6.11688,-4.821174,-12.52236
8235231,-6.507268,-13.949791,-10.042316
8235241,-7.149133,-20.12056,-4.5002418
8235251,-4.387676,-14.894627,-1.3807287
8235261,-0.21794678,-8.418493,-2.8883936
8235271,-0.13771363,-2.6081762,-5.882168
8235281,-2.6417065,0.63468015,-12.013418
8235292,-5.295388,3.6045043,-16.534018
8235302,-6.148015,4.670288,-19.386486
8235312,-6.1396327,0.8262817,-18.587746
8235322,-5.85223,-9.542955,-13.070819
8235332,-8.450827,-21.491707,-6.4893055
8235342,-10.029144,-17.27288,4.106261
8235352,-6.822213,-5.692961,2.1112096
8235362,-5.7564297,-0.5017566,-7.5131764
8235372,-6.2593837,0.07544312,-14.693445
8235382,-5.019961,0.69455564,-16.507671
8235392,-4.2954674,-0.34248778,-16.250208
8235402,-5.1792297,-4.9720607,-13.2001505
8235412,-8.547825,-9.7956295,-3.739823
8235422,-12.177477,-13.9318285,7.0186048
8235432,-8.480764,-15.229929,2.703977
8235442,-5.046306,-11.288924,-0.7747888
8235452,-0.99872315,-0.45984375,-9.784852
8235462,-10.855426,-4.695436,-12.3630905
8235472,-10.014774,-11.207494,-11.205099
8235482,-4.9744554,-8.441246,-7.0904555
8235492,-7.339537,-8.7897215,-1.1951147
8235502,-6.4881077,-10.236314,-0.81670165
8235512,-4.5277843,-8.443642,-4.7038183
8235522,-5.555248,-8.307125,-1.9962487
8235532,-6.4438,-10.787168,2.6860144
8235542,-5.926476,-12.357103,4.4906616
8235552,-5.5588403,-10.848241,1.893263
8235562,-6.3204565,-7.828121,-2.335144
8235572,-6.3611717,-4.8355446,-7.484436
8235582,-4.6164002,-2.5459058,-2.7782226
8235592,-3.234474,0.63108766,1.5280224
8235602,-2.955454,-2.3040087,5.4726195
8235612,-2.393822,-9.474697,8.970546
8235622,0.42751098,-12.17149,11.110496
8235632,2.0369642,-10.268646,9.370514
8235642,-0.52450925,-10.225536,6.5934887
8235652,-2.3650818,-10.917697,3.8152661
8235662,-3.4835558,-10.330916,0.9963281
8235672,-4.2319994,-10.358459,1.4741346
8235682,0.038320314,-10.756033,2.0489392
8235692,-1.6106507,-9.067544,2.9722192
8235702,-5.7839723,-5.659431,3.1410682
8235713,-8.709489,-3.5721717,1.6944764
8235723,-10.700947,-3.7098854,2.3171813
8235733,-10.760822,-4.2595425,1.4358143
8235743,-9.342971,-10.559641,-0.026345216
8235753,-10.778786,-16.827408,1.5771203
8235763,-9.947714,-16.48013,4.27511
8235773,-5.310956,-10.384805,2.76984
8235783,-5.562433,-7.897577,3.4164953
8235793,-6.993457,-8.249645,2.6524842
8235803,-5.3684363,-5.415139,5.9192905
8235813,-1.5783179,1.2825329,13.0384865
8235823,-11.288924,0.57959473,9.438772
8235833,-14.73895,-1.0897338,5.5696177
8235843,-6.758745,-5.437892,7.505991
8235853,-3.9960902,-9.350156,9.7393465
8235870,-5.8438478,-10.601554,9.364527
8235880,-5.012776,-7.301217,7.874824
8235890,-4.5421543,-3.2560291,7.2293663
8235900,-4.60682,-3.9721398,5.901328
8235910,-3.4667907,-5.987549,10.445878
8235920,1.6729212,-8.923842,8.642428
8235930,-2.8153455,-7.0461473,9.762099
8235940,0.08861572,-2.8345056,5.024751
8235950,-1.7902771,3.3506324,0.07304809
8235960,-4.8666797,7.270082,-1.8561401
8235970,-3.800896,8.29515,-1.6932788
8235980,-1.775907,5.4810023,0.24069947
8235990,-2.393822,0.123343505,2.7973828
8236000,-2.8764184,-5.994734,5.3528686
8236010,-3.046465,-11.771521,9.77168
8236020,-2.4824378,-15.263459,12.543915
8236030,-1.4956897,-16.304096,6.7204247
8236040,-1.8968555,-11.345207,1.7136365
8236050,-2.398612,-7.0952454,-0.6251001
8236060,-3.1278956,-6.0713744,-2.3770568
8236070,-5.2726355,-6.849756,-0.3580554
8236080,-4.980443,-7.9837976,3.1326857
8236090,-3.2668066,-6.9611244,4.6008325
8236100,-4.006868,-5.4331017,3.6332445
8236110,-5.764812,-5.20797,0.54726195
8236121,-7.5694594,-5.309758,-0.025147704
8236131,-7.628137,-6.1468177,1.4465919
8236141,-5.8737855,-4.742139,2.718347
8236151,-7.538324,-3.109933,3.7146752
8236161,-4.6666956,2.0968397,4.439169
8236171,-3.4452355,2.830913,3.3602123
8236181,-7.4736586,-2.4776478,1.7567468
8236191,-7.877219,-11.278147,-1.6801062
8236201,-7.853269,-21.703667,-2.254911
8236211,-7.9119473,-29.481493,-1.3172607
8236221,-11.4625635,-30.214369,-1.0538086
8236231,-9.9153805,-22.843697,-1.3232483
8236241,-7.7610607,-15.621515,-1.1292517
8236251,-6.860533,-10.826686,-1.3855188
8236261,-5.6259007,-7.204219,-2.4932153
8236271,-5.9935365,-5.364844,-1.6417859
8236281,-8.398136,-1.6717236,-2.1878502
8236291,-7.765851,1.1424243,-4.245172
8236301,-3.906277,2.0597167,-6.051017
8236311,-0.66940796,1.3136683,-6.9778895
8236321,-1.7160316,0.2323169,-7.8640466
8236331,-0.9783655,-2.0872595,-6.9431615
8236341,-3.612887,-5.5360875,-7.547904
8236351,-6.690487,-10.248288,-7.0581226
8236361,-2.0070264,-10.97398,-3.9122643
8236371,3.5817518,-8.104746,-5.743257
8236381,3.7170703,-2.5435107,-11.359577
8236391,-5.3133507,-1.4154565,-17.9854
8236401,-9.089099,-3.8392162,-21.83659
8236411,-1.7842896,-7.1431456,-21.561163
8236421,-3.3985326,-12.351116,-17.268091
8236431,-6.1815453,-16.548388,-11.051818
8236441,-6.983877,-16.197517,-8.134684
8236451,-5.9516234,-11.292517,-6.175558
8236461,-4.4954515,-6.4162574,-8.769364
8236471,-3.2308815,-4.4080334,-13.394147
8236481,-2.027384,-3.5530114,-15.7676115
8236491,-2.1459374,-4.9996033,-13.935421
8236501,-2.6213489,-5.332511,-9.944121
8236511,-3.6236646,-5.0654664,-5.6582336
8236521,-6.14083,-7.013815,-0.5652246
8236531,-5.9839563,-7.7933936,-0.7807764
8236541,-6.661747,-7.350315,-1.2933105
8236551,-7.294032,-7.8556643,0.0011975098
8236562,-6.852151,-8.053253,-0.5760022
8236572,-6.2905188,-7.340735,-2.9794042
8236582,-6.744375,-7.5443115,-2.0082238
8236592,-7.7754307,-9.916578,-0.040715333
8236608,-5.586383,-13.012141,-4.7457314
8236618,-4.204457,-12.052936,-6.9515443
8236628,-3.754193,-9.906999,-9.316626
8236638,-6.270161,-7.870034,-8.159832
8236649,-7.364685,-5.718109,-8.140672
8236659,-4.8547044,-5.3361034,-7.628137
8236669,-5.8582177,-8.545429,-3.7458105
8236679,-6.4821205,-12.625345,1.3364209
8236689,-3.754193,-9.508227,-1.4885046
8236699,-4.218827,-6.6629443,-0.2945874
8236709,-4.623585,-6.0270667,4.7960267
8236719,-4.685856,-4.409231,5.405559
8236729,-4.047583,-5.22234,5.076244
8236739,-4.045188,-6.239026,2.7267296
8236749,-4.087101,-7.4736586,2.5423133
8236759,-4.406836,-8.786129,2.8273206
8236769,-5.133724,-9.286688,3.6332445
8236779,-5.239105,-11.094928,3.9362147
8236789,-4.6475353,-10.783575,6.2246556
8236799,-1.1879296,-8.165819,5.9779687
8236809,-0.41074586,-5.889353,5.598358
8236819,-2.1363573,-4.6894484,5.6654186
8236829,-2.9123437,-4.0882983,6.3503942
8236839,-2.0130138,-3.7601807,8.534652
8236849,-2.1279747,-3.509901,10.324929
8236859,-2.9638367,-4.380491,9.813593
8236869,-3.805686,-7.6856174,7.8173437
8236879,-4.0906935,-12.274475,6.016289
8236889,-3.3626075,-14.247972,6.2150755
8236899,-2.7339149,-13.076807,2.14474
8236909,-6.2737536,-13.894706,-0.3197351
8236919,-7.938292,-10.800341,2.2585034
8236929,-4.870272,-4.805607,3.270399
8236939,-3.0728102,-0.07185058,2.5554857
8236949,-3.998485,1.7028589,-1.4573693
8236959,-5.5600376,-0.16765137,-0.89932984
8236969,-8.610095,-6.4940953,-1.1196716
8236983,-12.907958,-12.591815,1.3220508
8236993,-8.217312,-18.053658,-3.6883302
8237003,-3.1518457,-18.826052,-4.829557
8237013,-3.1602283,-17.98061,-8.0436735
8237023,-10.5764065,-19.30745,-6.270161
8237033,-12.170292,-18.271605,-4.775669
8237043,-8.680748,-13.586946,-1.1184741
8237053,-5.190007,-10.018367,1.7387842
8237063,-3.7062926,-5.567223,1.6573535
8237073,-4.694238,-0.7101233,1.3974938
8237083,-4.9672704,1.4561719,3.869154
8237093,-2.5854235,0.07185058,6.342012
8237103,-1.4082714,-3.5673816,7.2090087
8237113,-1.8082397,-6.1456203,6.7850904
8237123,-2.863246,-6.0641894,5.7468495
8237133,-5.0115786,-5.795947,3.8272412
8237143,-6.411467,-5.8725877,2.9770093
8237153,-6.227051,-6.6797094,2.530338
8237163,-5.5169277,-7.3575,2.591411
8237173,-4.428391,-7.3934255,1.7483642
8237183,-3.9960902,-8.91067,-0.8478369
8237193,-5.1456995,-12.513977,-3.8020935
8237203,-6.817423,-17.1675,-3.37578
8237213,-6.43901,-17.32198,3.1805859
8237223,-4.0176454,-17.515976,8.740623
8237233,-0.87657714,-20.176842,6.627019
8237243,-3.150648,-20.76961,7.270082
8237253,-3.0835876,-10.866203,11.7930765
8237263,-1.771117,-1.5459851,7.482041
8237273,-5.9300685,7.359895,7.5694594
8237283,-4.6762757,9.363329,3.629652
8237293,-4.3948607,6.074967,2.339934
8237303,-6.75156,3.9733374,5.4319043
8237313,-5.749244,2.0633094,7.2413416
8237324,-4.418811,0.069455564,6.180348
8237334,-5.400769,-2.8225305,5.0019984
8237344,-5.811515,-5.8486376,3.1063404
8237354,-5.9420433,-8.249645,4.564907
8237364,-3.5075061,-10.577603,4.1218286
8237374,-3.239264,-9.760902,4.2822948
8237384,-4.2882824,-9.393267,4.4691067
8237394,-6.1037073,-11.891272,4.9720607
8237404,-5.835465,-8.064031,3.2847693
8237414,-7.604187,-8.903485,-0.556842
8237424,-8.800499,-7.6389146,0.34847534
8237434,-8.032895,-8.745414,0.7005432
8237444,-6.795868,-9.19448,0.7747888
8237454,-7.1682935,-10.457852,-0.47301635
8237464,-8.616083,-13.628859,-2.76026
8237474,-10.051897,-16.847765,-3.5769618
8237484,-10.078242,-18.612894,-2.4225624
8237494,-7.4736586,-17.709972,-1.8010547
8237504,-5.078639,-14.270724,-0.5939648
8237514,-3.9433997,-10.312954,1.0514135
8237524,-3.7601807,-6.0342517,3.314707
8237534,-3.6380346,-2.1830604,2.9027636
8237544,-4.6619053,-0.7232959,0.24309449
8237554,-7.235354,-3.0213172,-3.5278637
8237564,-8.796906,-3.9218445,-3.3506324
8237574,-8.575367,-7.489226,-3.3697925
8237584,-6.0893373,-10.620714,-0.66821045
8237600,-1.7375866,-10.951227,0.44786865
8237610,-1.893263,-11.043435,7.531139
8237620,0.4682263,-12.297228,10.120155
8237630,1.0502161,-9.2890835,7.8377013
8237640,1.834585,-6.358777,4.684658
8237650,-0.671803,-5.8246875,9.303453
8237660,-1.8010547,-4.701423,9.641151
8237670,-1.2154725,-3.7086878,8.7825365
8237680,-3.3925452,-1.8118323,8.174202
8237690,-4.133804,-2.4189696,4.502637
8237700,-2.6464965,-3.5949242,3.3254845
8237710,-2.0680993,-7.4784484,2.8836036
8237720,-4.956493,-12.078083,3.885919
8237730,-12.079281,-15.803536,5.7217016
8237740,-12.87802,-18.154247,2.962639
8237750,-8.158634,-13.045671,1.4885046
8237760,-4.1218286,-5.0163684,4.235592
8237770,-1.3855188,-5.8642054,-0.74485105
8237780,-1.1591895,-5.195995,-2.2896388
8237790,-4.646338,-8.728649,0.3796106
8237800,-7.220984,-12.534335,0.798739
8237810,-8.904682,-13.874348,1.2082874
8237820,-10.025552,-10.99793,0.067060545
8237830,-9.620793,-9.029223,-4.949308
8237840,-10.354867,-8.868757,-9.153765
8237850,-12.61337,-9.272318,-8.404123
8237860,-13.9809265,-10.861414,-3.4883459
8237870,-10.374027,-12.142749,-2.518363
8237880,-7.826924,-12.654086,-1.7818946
8237891,-5.195995,-13.463602,-2.4632776
8237901,-3.7050953,-13.198953,-7.6425076
8237911,-5.492977,-8.687933,-1.9926562
8237921,-5.1049843,-6.949149,-2.2932312
8237931,-5.7767873,-6.547983,-2.0776794
8237944,-6.2653713,-8.327483,-1.4873071
8237954,-5.276228,-11.05062,-1.0118958
8237964,-4.0439906,-10.10818,0.41912842
8237974,-1.5914905,-6.502478,-0.2802173
8237984,-0.34009278,-5.5696177,-0.04430786
8237994,-0.22872436,-5.315746,3.1590307
8238004,1.4932947,-5.9779687,5.5193224
8238014,3.3015344,-6.180348,7.2712793
8238024,3.9924974,-5.4750147,5.7995396
8238034,1.7399817,-6.0486217,0.3580554
8238044,-3.4009278,-7.5491014,0.76760375
8238054,-7.588619,-7.682025,-0.35087037
8238064,-9.382489,-7.69879,-5.621111
8238074,-11.057805,-7.4329433,-6.6569567
8238084,-8.32868,-6.9826794,-8.808882
8238094,-5.2307224,-6.744375,-7.749086
8238104,-2.7854078,-7.801776,-3.786526
8238114,-2.7997777,-8.372989,-1.9100281
8238124,-3.2476466,-7.8867993,-0.120948486
8238134,-2.3782544,-7.796986,-1.5531702
8238144,-3.718268,-6.029462,-3.214116
8238154,-6.461763,-4.02962,-8.640033
8238165,-11.482922,-4.435576,-15.900535
8238175,-19.325413,-6.004314,-15.929275
8238185,-17.509987,-10.535691,-15.449074
8238195,-13.846806,-13.741425,-6.2521987
8238205,-3.6200721,-13.361814,-5.457052
8238215,1.1472144,-10.169253,-1.9782861
8238225,-0.021555176,-9.121432,-10.414742
8238235,-5.533693,-5.9540186,-12.547507
8238245,-8.855585,-4.7457314,-11.32006
8238255,-6.8701134,-2.9985645,-10.7380705
8238268,-3.0368848,-2.1219873,-6.701265
8238278,-0.58198977,-7.2628965,1.1076965
8238288,2.4716601,-12.054133,11.482922
8238298,7.7622585,-9.414822,9.627978
8238308,8.95378,-6.697672,3.930227
8238318,4.4655137,-6.653364,-3.478766
8238328,-3.2093263,-6.8485584,-0.4658313
8238338,-10.4638405,-5.576803,-0.552052
8238348,-10.777588,-6.7850904,-6.3036914
8238358,-5.4510646,-7.5443115,-7.66047
8238368,1.346001,-9.432784,-3.937412
8238378,5.2091675,-10.461445,-1.895658
8238388,3.0344896,-8.36221,-1.104104
8238398,-2.14953,-6.6497717,-5.3145485
8238408,-7.63652,-6.5575633,-9.675879
8238418,-14.209651,-7.1874537,-12.912747
8238428,-18.609303,-5.173242,-16.488512
8238438,-17.774637,-0.39757323,-21.333637
8238448,-11.740386,0.07065307,-20.030746
8238458,-6.660549,-4.5565248,-12.24813
8238468,-2.278861,-6.0953245,-9.044791
8238478,-2.391427,-7.180269,-12.170292
8238488,-4.7385464,-5.3121533,-8.544232
8238498,-6.4593678,-5.400769,-10.929671
8238508,-5.933661,-8.520282,-1.1232642
8238518,-2.884801,-11.981085,8.259225
8238528,4.6104126,-8.624465,7.8161464
8238541,9.035212,-5.3899913,5.973179
8238551,5.4187317,-7.8939843,0.0
8238561,-1.8657203,-9.485475,0.51971924
8238571,-10.441088,-7.2078114,-0.34967285
8238581,-12.6445055,-5.4043617,-6.595884
8238591,-6.7144375,-3.9972875,-12.727134
8238601,0.4071533,-5.5600376,-8.716674
8238611,6.258186,-8.383766,-5.654641
8238621,6.0426345,-7.9035645,-6.5276256
8238631,1.4489868,-7.2173915,-9.770482
8238641,-6.6006737,-7.9155397,-8.443642
8238651,-18.827248,-6.7527575,-6.5036755
8238661,-23.375391,-2.4489074,-20.301384
8238671,-22.557491,1.5998731,-24.141796
8238681,-14.960489,-0.2826123,-20.28342
8238691,-8.616083,-7.3515124,-13.421689
8238701,-0.6861731,-8.32868,-3.7278478
8238711,2.9482691,-6.079757,-5.219945
8238721,0.3412903,-6.7120423,-10.95482
8238731,-4.0607557,-5.945636,-12.989388
8238741,-8.108338,-3.8188586,-10.0207615
8238751,-8.5011215,-1.902843,-5.2965856
8238761,-7.9131446,-6.009104,-1.8094373
8238772,-3.2428565,-9.408834,3.0560448
8238782,2.1686902,-6.358777,2.6225464
8238792,6.495293,-1.0957215,1.2178674
8238802,5.261858,-0.44547364,-2.450105
8238813,-0.031135254,-4.437971,-2.7051744
8238823,-4.646338,-8.473579,-5.3121533
8238833,-7.563472,-9.998009,-6.807843
8238843,-6.8892736,-7.9981675,-9.82437
8238853,-6.283334,-2.7818153,-10.283016
8238863,-4.0260277,-0.47301635,-13.494738
8238873,-3.9577699,-0.9915381,-12.534335
8238883,-2.6045837,2.6081762,-7.2928343
8238893,-0.77838135,-1.5447876,-15.285015
8238903,-2.4536974,-5.6223083,-20.895348
8238913,-3.4895434,-6.653364,-10.015972
8238923,-4.6547203,-11.390713,-8.246052
8238933,-2.8081603,-4.02962,-6.4473925
8238943,-1.2142749,1.1352392,-7.0221972
8238953,-6.5060706,-3.5625916,-3.6284547
8238963,-6.836583,-4.764891,-3.3470397
8238973,-8.375383,-2.6656568,-11.528426
8238983,-11.929592,0.46343628,-12.027788
8238993,-7.8496766,5.5899754,-9.419612
8239003,-5.6091356,4.3373804,-12.178675
8239013,-6.946754,-0.20597167,-8.481961
8239023,-8.026908,-4.123026,-7.0233946
8239033,-7.204219,-6.6114516,-7.932305
8239043,-3.8092785,-7.103628,-9.641151
8239053,-1.2729529,-6.526428,-9.898616
8239063,-1.0621911,-5.9073157,-7.0689
8239073,-2.5530908,-8.343051,-5.0091834
8239083,-5.372029,-12.188254,-3.812871
8239093,-7.266489,-14.110257,-1.712439
8239103,-6.8162255,-15.825091,-4.014053
8239113,-6.7575474,-16.198715,-6.8473606
8239123,0.69216067,-12.322375,-17.30162
8239133,2.389032,-4.8008165,-17.477655
8239143,-2.4249573,1.3424084,-15.234719
8239153,-7.3000197,2.3064039,-18.241667
8239163,-14.846726,-4.1829014,-4.963678
8239173,-14.264736,-10.867401,-0.98794556
8239184,-8.293953,-14.491066,7.1658983
8239194,-3.2129188,-22.143152,9.310638
8239204,0.10777588,-18.68714,3.2404613
8239214,-1.1831397,-12.94029,-5.916896
8239224,-4.8451247,-7.108418,-6.946754
8239234,-6.0426345,-4.0415955,-8.85798
8239244,-7.274872,-1.8537451,-11.577524
8239254,-8.120314,0.30895752,-11.205099
8239264,-8.897497,-2.088457,-6.421047
8239274,-8.297545,-6.0055113,-0.08023316
8239284,-6.5551686,-10.326127,1.4465919
8239294,-4.388873,-13.710289,2.3040087
8239304,-2.6021888,-14.732963,3.2332764
8239314,-2.1830604,-12.402609,1.5902929
8239324,-2.7806177,-5.743257,-5.229525
8239334,-3.441643,-1.0873389,-7.738308
8239344,-3.5446289,-1.3567786,-9.717792
8239354,-4.8187795,-3.3805702,-9.51661
8239364,-3.8823266,-8.777746,-4.4762917
8239374,-4.350553,-17.635727,4.678671
8239384,-4.778064,-19.835552,18.784138
8239394,0.6993457,-19.688257,8.0017605
8239404,-1.7483642,-14.368919,0.8095166
8239421,-4.4104285,-7.6808276,-2.3686743
8239431,-5.47741,-2.5902135,-6.6629443
8239441,-6.9766917,0.09939331,-6.6186366
8239451,-7.5694594,-1.8764977,-4.877457
8239461,-5.1289344,-6.14083,-3.4452355
8239471,-3.8356237,-10.275831,1.2298425
8239481,-1.9483484,-12.730726,2.1722827
8239491,-1.1064991,-12.436139,0.7256909
8239501,-2.3902295,-8.8484,0.37122804
8239511,-4.5349693,-7.219786,0.15687378
8239521,-4.8427296,-5.3313136,-2.513573
8239531,-4.975653,-1.5723304,-4.2260118
8239541,-3.1087353,2.4740553,-5.9444385
8239551,-1.421444,-0.9807605,-14.289884
8239561,-4.1829014,-5.7636147,-9.627978
8239571,-3.4045203,-13.198953,-10.765613
8239581,-5.0977993,-19.19249,-7.947872
8239591,-10.503358,-26.064997,7.8377013
8239601,-7.3371425,-17.860859,-0.25387207
8239612,-5.264253,-7.852072,-6.0965223
8239622,-4.728966,-2.9853919,-5.960006
8239632,-3.737428,-3.69791,-9.594448
8239642,-2.7854078,-5.654641,-9.671089
8239652,-1.966311,-10.281818,-6.0270667
8239662,-2.7231371,-12.258907,-0.9304651
8239672,-2.4956102,-10.676997,-1.8525476
8239682,-4.5002418,-6.709647,-3.3578174
8239692,-3.2931519,-2.9889843,-7.7526784
8239702,-2.3674767,-1.1735595,-9.156159
8239712,-2.9231215,-5.149292,-13.103152
8239722,-4.0368056,-7.355105,-11.989468
8239732,-5.6318884,-10.381212,-9.55972
8239742,-6.949149,-13.218113,-8.711884
8239752,-6.636599,-13.665981,-8.672366
8239762,-5.4043617,-11.837384,-10.621912
8239772,-4.555327,-10.802735,-6.6210313
8239782,-5.8091197,-9.871073,-6.955137
8239792,-6.13125,-9.174122,-9.411229
8239806,-5.195995,-5.8246875,-3.1063404
8239816,-4.2906775,-4.8427296,-13.291161
8239826,-4.557722,-5.3684363,-11.898457
8239836,-6.2150755,-9.448352,-7.317982
8239846,-4.9217653,-10.6817875,-2.8009753
8239856,-9.619596,-6.3432093,-6.2078905
8239866,-8.668774,3.0967603,-0.77957886
8239876,-4.120631,0.5149292,-5.435497
8239886,-6.0126967,-1.4861096,-2.9518616
8239896,-7.232959,-7.0964427,-1.4693445
8239906,-8.356223,-12.50799,-1.7327967
8239916,-10.098599,-14.70063,0.76760375
8239926,-7.6413097,-12.246932,1.7962646
8239936,-5.344486,-7.197034,0.7364685
8239946,-5.478607,-1.9627185,-1.0238708
8239956,-6.581514,1.3603711,-1.6190332
8239966,-6.927594,0.39996827,-4.0415955
8239976,-7.141948,-3.617677,-4.093088
8239986,-6.6066613,-7.7466908,-2.5710535
8239996,-6.4006896,-10.365644,0.7819739
8240006,-4.2248144,-11.207494,1.6920813
8240016,-1.8238074,-10.227931,1.84177
8240026,-2.6836195,-9.977652,-0.025147704
8240036,-3.854784,-7.8233314,-2.8249254
8240046,-4.3026524,-5.846243,-1.8082397
8240056,-3.505111,-6.4881077,-5.3408937
8240066,-3.8535864,-7.436536,-0.34488282
8240076,-1.9208057,-8.273595,1.583108
8240086,-0.26105714,-8.984916,7.164701
8240096,-0.3820056,-10.237511,4.851112
8240106,-2.2704785,-10.42552,2.501598
8240116,-6.163583,-10.765613,2.4716601
8240126,-8.020921,-12.428954,3.4883459
8240136,-4.687053,-12.23376,1.8741028
8240146,-2.1567152,-12.084071,-4.196074
8240156,-2.9255164,-10.159673,-3.2117212
8240166,-2.8728259,-5.8498354,-2.4022045
8240176,-3.1398706,-2.6584716,-1.6860938
8240186,-2.7937903,-3.3182995,2.1531227
8240196,-4.0882983,-9.563313,1.9303857
8240210,-3.0560448,-16.240627,-3.6380346
8240220,-1.8513501,-18.869162,-0.9196875
8240230,-4.084706,-18.070423,4.324208
8240240,-6.7970653,-14.002481,2.9913795
8240250,-7.946675,-9.727372,-1.6142431
8240260,-8.358618,-7.6784325,-7.084468
8240270,-8.181387,-6.852151,-5.1672544
8240280,-6.037844,-8.54064,-2.7494824
8240290,-4.750521,-10.211165,2.2632935
8240300,-2.7171497,-8.977731,3.3087194
8240310,-1.773512,-9.327404,-1.5567627
8240320,-2.3123913,-11.039843,-3.5625916
8240330,-2.3770568,-10.935659,-5.749244
8240341,-3.121908,-9.21364,-2.5662634
8240351,-3.117118,-7.0748878,-2.0082238
8240361,-5.5145326,-7.564669,-2.8105555
8240371,-8.9442005,-12.824132,0.75203615
8240381,-10.41594,-19.453547,4.191284
8240391,-7.874824,-21.50488,3.2775843
8240401,-4.269122,-13.857583,-0.9735754
8240411,-1.8309925,-6.067782,-6.2785435
8240421,-1.8920654,-0.08981323,-8.180189
8240431,-3.7146752,6.5946865,-9.904603
8240441,-2.1387525,1.2837305,-10.008786
8240451,-5.9025254,-4.0811133,-2.8464806
8240461,-4.343368,-9.793235,-2.1159997
8240471,-4.5684996,-14.464721,-4.4247985
8240481,-7.374265,-16.55198,-1.705254
8240491,-4.8415318,-13.2492485,-2.0453467
8240501,-4.2954674,-9.122629,-2.6692493
8240511,-4.421206,-5.0666637,-2.5315356
8240521,-3.8080812,-3.9853125,-4.4176135
8240531,-7.098838,-7.723938,-2.8404932
8240541,-6.8473606,-8.243657,-1.7495618
8240551,-1.1999048,-7.047345,-9.266331
8240561,-4.0906935,-5.567223,-3.8236487
8240571,-7.0509377,-13.853991,0.83945435
8240581,-6.502478,-17.208216,5.100194
8240591,-2.877616,-10.10339,6.331234
8240601,-2.635719,-0.21315674,2.0872595
8240611,-6.3683567,2.1734803,-2.9027636
8240621,-8.5574045,-0.87777466,-1.9148182
8240631,-9.24717,-5.974376,1.0753638
8240641,-2.1579125,-8.035291,-0.08981323
8240651,1.3771362,-9.918973,-1.9232007
8240661,0.59755737,-12.303215,-4.3948607
8240671,-0.36045045,-12.815749,-6.6844997
8240681,-1.9196081,-9.611214,-6.6964746
8240691,-5.710924,-8.721463,-7.198231
8240701,-6.563551,-7.6221495,-7.380253
8240711,-4.9157777,-5.7755895,-8.590935
8240721,-4.382886,-5.039121,-9.970467
8240731,-5.325326,-6.547983,-10.708133
8240741,-6.163583,-7.995773,-10.662627
8240751,-6.427035,-8.667576,-9.380094
8240761,-5.452262,-8.911868,-8.720266
8240771,-4.750521,-9.47829,-9.299861
8240782,-4.3074427,-9.292676,-9.754914
8240792,-4.888235,-11.70446,-8.883127
8240802,-5.500162,-13.600119,-5.884563
8240812,-3.7889209,-12.736713,-4.181704
8240822,-2.9470716,-10.374027,-3.9853125
8240832,-3.1374755,-5.654641,-5.300178
8240842,-3.5075061,-1.3040881,-6.4438
8240852,-6.1396327,-2.0357666,-5.4702244
8240862,-8.765772,-3.8475988,-3.0332923
8240872,-9.244776,-10.450667,1.773512
8240888,-7.70837,-15.1700535,5.9001307
8240898,-7.3275623,-15.311359,10.360854
8240908,-3.920647,-14.012062,6.709647
8240918,-3.7386255,-6.8892736,3.5649865
8240928,-1.9243982,1.3232483,-1.7507592
8240938,-1.771117,-0.9699829,-7.8867993
8240948,-5.7288866,-4.870272,-1.9064355
8240958,-8.364606,-10.248288,2.7027795
8240968,-7.557484,-14.167738,3.9960902
8240978,-4.4715014,-16.380735,2.9542565
8240988,-2.4357347,-15.564034,3.08239
8240998,-2.626139,-11.611054,3.8260436
8241008,-2.9099488,-7.3910303,-0.6550378
8241018,-5.292993,-6.2905188,-4.247567
8241028,-7.5778418,-6.3695545,-3.9853125
8241038,-7.4880285,-4.6427455,-2.1088147
8241048,-6.267766,-5.0475035,-2.4740553
8241058,-5.846243,-5.830675,-2.1040246
8241068,-5.1780324,-7.892787,-0.613125
8241078,-4.1852965,-10.336905,0.30895752
8241089,-3.8392162,-13.535453,2.2704785
8241099,-3.5182836,-15.289804,3.666775
8241109,-3.7853284,-14.244379,3.930227
8241119,-4.3864784,-10.741663,0.74006104
8241129,-6.2174706,-8.315508,-0.16166382
8241139,-7.5119786,-7.0880604,0.33410522
8241149,-6.325247,-5.24629,0.55803955
8241159,-5.9061184,-4.939728,-2.7542725
8241169,-5.325326,-7.834109,-3.39015
8241179,-3.5637891,-7.04495,-2.809358
8241191,-1.9878662,-3.8523889,-3.2620165
8241202,-3.6356397,-2.342329,-3.6547997
8241212,-5.4247193,-3.307522,-1.4238391
8241222,-6.175558,-7.0880604,-2.3662794
8241232,-9.451944,-13.360617,-0.13412109
8241242,-9.278306,-18.481169,0.86579955
8241252,-5.50615,-17.583036,-0.35326537
8241262,-4.9912205,-11.5260315,-3.3003368
8241272,-5.2163525,-7.9370947,-7.401808
8241282,-4.5002418,-6.788683,-9.350156
8241292,-7.1120105,-9.765692,-6.4629602
8241302,-6.6749196,-12.23855,-2.7997777
8241312,-4.794829,-12.535532,0.033530273
8241322,-2.274071,-11.826607,0.21794678
8241332,-2.0046313,-9.903406,-0.5736072
8241342,-1.8669177,-8.92025,0.74485105
8241352,-2.8931837,-10.370435,3.558999
8241362,-3.793711,-10.18482,4.421206
8241372,-4.9996033,-7.885602,6.514453
8241382,-4.2343946,-5.095404,6.40548
8241392,-3.4260755,-2.5435107,4.89542
8241402,-4.1050634,-1.165177,2.5782385
8241412,-5.0678616,-2.8285182,0.47301635
8241422,-4.749324,-7.155121,-0.5125342
8241432,-4.079916,-12.074491,1.1843371
8241442,-2.3662794,-14.903009,6.3036914
8241452,-0.91010743,-13.915064,6.3791347
8241462,-3.102748,-10.590776,5.7025414
8241472,-4.836742,-8.59812,3.6955152
8241482,-4.6032276,-7.570657,2.74589
8241492,-3.5793567,-8.667576,3.0524523
8241502,-3.1602283,-10.272239,4.5146117
8241512,-3.8511915,-11.116483,4.4738965
8241522,-3.7338355,-10.945239,2.926714
8241532,-2.6764343,-9.983639,2.9147387
8241542,-2.9159362,-8.642428,2.0645068
8241552,-3.0392797,-8.520282,2.0513341
8241562,-2.1219873,-8.343051,2.0058289
8241572,-1.5735278,-8.340655,1.7435743
8241582,-2.8081603,-9.332193,3.5554066
8241592,-5.484595,-10.443482,7.6233473
8241602,-4.5373645,-9.091495,4.253555
8241615,-2.215393,-7.213799,-1.2298425
8241625,-3.5110986,-6.4821205,0.3568579
8241635,-5.6163206,-5.9923387,1.463357
8241645,-5.645061,-5.83786,0.05388794
8241655,-4.9840355,-5.0187635,-1.2011023
8241665,-4.6080174,-3.3985326,-0.72928345
8241675,-4.199667,-2.6716442,-1.2034973
8241685,-3.9098694,-0.6538403,-4.040398
8241695,-4.5708947,0.5340893,-4.9061975
8241705,-5.979166,-1.8070422,-6.0390415
8241715,-7.2784643,-3.918252,-6.077362
8241725,-7.9442797,-5.4810023,-5.9145007
8241735,-7.891589,-7.9826,-5.4821997
8241745,-8.183782,-12.425362,-5.419929
8241756,-9.2890835,-13.693524,-4.3457627
8241766,-8.183782,-12.733121,-6.676117
8241776,-8.162227,-11.981085,-6.700067
8241786,-8.296348,-11.99306,-8.190967
8241796,-8.042476,-10.964399,-8.662786
8241806,-7.6556797,-8.519085,-6.101312
8241816,-6.7779055,-6.5192432,-7.4556956
8241826,-6.9024463,-2.7806177,-8.428074
8241836,-7.891589,-1.0298584,-10.916499
8241846,-6.9443593,-4.675078,-12.628938
8241856,-6.291716,-4.7277684,-8.032895
8241866,-3.5314562,-5.606741,-7.843689
8241876,-2.7734327,-5.879773,-14.092295
8241886,-3.7410204,-4.8080015,-8.422086
8241896,-3.7829332,-9.590856,-6.8473606
8241906,-7.284452,-14.065949,-3.2572265
8241916,-7.6556797,-14.4802885,-2.5650659
8241926,-5.7217016,-11.505673,-4.555327
8241936,-4.8175817,-9.976454,-7.0186048
8241946,-4.829557,-8.861572,-7.608977
8241961,-5.125342,-6.6641417,-6.4964905
8241971,-5.50136,-3.913462,-6.695277
8241981,-5.603148,-1.3448035,-7.868837
8241991,-6.5300207,-1.6250207,-9.192085
8242001,-7.8233314,-4.287085,-8.258027
8242011,-7.765851,-5.2798204,-6.974297
8242021,-7.8736267,-5.6558385,-1.8513501
8242031,-4.4667115,-6.589896,-3.1698084
8242041,-2.8357031,-7.026987,-1.8561401
8242051,-1.8848804,-10.242301,-2.2920337
8242061,-2.1148024,-13.850398,-5.078639
8242071,-3.1817834,-13.347444,-6.9455566
8242081,-4.773274,-10.056687,-6.284531
8242091,-6.2725563,-8.338261,-4.2739124
8242101,-8.041278,-9.206455,-6.035449
8242111,-6.373147,-10.936856,-9.472302
8242121,-7.98739,-11.446996,7.740703
8242131,-6.114485,-2.74589,-4.7253737
8242141,-6.9036436,-3.791316,-14.352155
8242151,-6.411467,-8.65081,-4.3924656
8242161,-3.5434313,-10.358459,0.183219
8242171,-2.2357507,-13.677957,-4.216432
8242181,-1.5783179,-16.682508,-0.32692015
8242191,-0.86579955,-16.530424,0.7711963
8242201,-0.32332763,-15.091018,-0.38679564
8242211,-0.71251833,-12.994179,-1.9232007
8242221,-2.6704469,-8.786129,-5.9061184
8242231,-5.2415004,-2.3770568,-4.3960586
8242241,-4.3218126,2.4405248,-6.382727
8242251,-4.4655137,0.88735473,-8.740623
8242261,-6.6078587,-3.2811768,-8.363408
8242271,-6.541996,-7.1275783,-6.0474243
8242281,-3.9457946,-9.266331,-3.8487964
8242291,-1.8273998,-10.894944,-4.1098537
8242301,-2.7171497,-10.533296,-2.8668385
8242311,-3.9685473,-6.270161,-3.2081287
8242321,-4.1026683,-2.066902,-5.774392
8242331,-4.2810974,-0.38679564,-8.332273
8242341,-4.0727305,-1.2478051,-9.764495
8242351,-4.470304,-5.078639,-9.049582
8242361,-6.868916,-10.820698,-4.212839
8242371,-7.332352,-15.626305,1.4262341
8242381,-6.3348265,-11.601475,0.93765014
8242391,-3.166216,-7.436536,-4.00567
8242401,-6.2354336,-5.005591,-6.7683253
8242412,-7.270082,-2.3040087,-5.2343154
8242422,-6.819818,-3.4524207,-5.7516394
8242432,-8.5598,-5.1720448,-4.3062453
8242442,-8.751401,-5.82349,-2.9985645
8242452,-8.695118,-4.58766,-3.0368848
8242462,-8.434061,-4.113446,-5.726492
8242472,-5.6486535,-4.2487645,-7.176676
8242482,-7.500004,-1.6310083,-10.812316
8242492,0.8789722,1.1843371,-14.565311
8242502,-4.1361985,-0.1580713,-15.948435
8242517,-5.053491,-1.355581,-14.72458
8242527,-4.5158095,-8.086783,-16.152012
8242537,-9.278306,-13.169015,-13.784534
8242547,-9.314231,-12.742702,-9.733359
8242557,-7.6053843,-10.39199,-7.818541
8242567,-4.4080334,-7.4964113,-9.784852
8242577,-4.388873,-4.855902,-11.412268
8242587,-5.8570204,-2.3543043,-13.25763
8242597,-4.9576902,-3.0644274,-15.404766
8242607,-3.9721398,-3.3374598,-13.083992
8242617,-1.0238708,-6.41506,-7.6077795
8242627,-2.7806177,-10.402767,-2.227368
8242637,-5.7360716,-11.37275,-3.3087194
8242647,-6.603069,-8.796906,-4.5768824
8242657,-6.2965064,-8.743019,-5.290598
8242667,-5.562433,-8.056846,-4.575685
8242677,-4.287085,-6.540798,-4.3289976
8242687,-3.7733533,-5.806725,-5.7911572
8242697,-3.8943017,-4.1361985,-6.9024463
8242707,-4.362528,-3.0811927,-8.875942
8242717,-5.9683886,-5.0403185,-7.3072047
8242727,-6.2306433,-6.526428,-3.4572108
8242737,-5.595963,-8.814869,1.2274475
8242747,-2.8369007,-11.4769335,3.178191
8242757,0.52091676,-11.076965,8.898695
8242768,-2.8045678,-13.910274,5.6486535
8242778,-4.2643323,-13.388159,3.747008
8242788,1.0178833,-12.033775,-9.485475
8242798,3.869154,-8.674761,-22.003044
8242808,0.3676355,-7.580237,-25.869804
8242818,-8.800499,-5.863008,-12.494817
8242828,-16.107704,-11.636203,-7.077283
8242838,-16.526833,-15.510146,-3.8679566
8242848,-10.165661,-15.738871,-0.31255004
8242858,-1.5148499,-15.421531,2.191443
8242868,2.696792,-13.77256,0.70533323
8242881,-0.19040406,-12.148737,-0.31015503
8242891,-3.319497,-9.432784,-1.3388159
8242901,-5.386399,-6.667734,-3.354225
8242911,-7.380253,-5.863008,-5.407954
8242921,-8.436457,-6.3982944,-6.4078746
8242931,-8.475974,-7.374265,-5.5899754
8242941,-7.7251353,-7.874824,-4.27511
8242951,-7.066505,-9.303453,-3.3326697
8242961,-6.779103,-11.316467,-0.5005591
8242971,-6.7324,-12.723541,0.41673338
8242981,-5.9145007,-12.0816765,1.0717713
8242991,-7.3024144,-11.203901,-0.70293826
8243001,-7.6556797,-9.825567,-1.9387683
8243011,-6.5910935,-7.8329115,-3.485951
8243021,-5.7097263,-5.2319202,-5.2331176
8243031,-6.627019,-6.2330384,-9.965676
8243042,-9.43518,-8.7825365,-11.468551
8243052,-11.035052,-8.6077,-5.811515
8243062,-7.714358,-6.2665687,3.2045362
8243072,-0.76640624,-3.598517,6.564749
8243082,3.7601807,-3.0033545,6.525231
8243092,4.9912205,-3.2847693,7.140751
8243102,5.309758,-3.4596057,10.601554
8243112,4.2763076,-4.6882505,9.865086
8243122,1.7495618,-6.8317933,5.691764
8243132,-1.1963123,-8.638836,0.33410522
8243142,-4.614005,-11.365565,-3.4236803
8243152,-6.5551686,-10.820698,-4.2008643
8243162,-4.8582973,-10.000404,-6.4186525
8243172,-4.62119,-12.375066,-7.6484947
8243182,-5.2235374,-8.601712,-5.1684523
8243192,-3.1686108,-6.3456044,-7.3766603
8243202,-2.9470716,-5.82828,-8.715476
8243212,-5.80433,-5.3696337,-4.6008325
8243222,-8.065228,-9.47829,-7.739506
8243232,-11.463761,-12.782219,-8.533455
8243242,-12.48883,-14.340179,-7.306007
8243252,-10.833871,-13.21452,-8.528665
8243262,-10.764416,-10.314152,-7.0485425
8243272,-8.687933,-8.519085,-4.6187954
8243286,-5.3480787,-9.498648,-4.1829014
8243296,-3.4655933,-10.310559,-4.9433203
8243306,-4.397256,-8.624465,-0.9735754
8243316,-5.2415004,-8.089178,-6.7335973
8243326,-8.326285,-6.781498,-4.5984373
8243336,-7.325167,-6.5048733,-4.4762917
8243346,-3.8703516,-5.892946,-1.0370435
8243356,-0.38080812,-6.7767076,0.8190967
8243366,1.5388,-8.037685,2.7794201
8243376,2.501598,-8.430469,4.5397596
8243386,3.011737,-7.9742174,5.3696337
8243396,2.44771,-7.662865,6.4258375
8243406,1.3519886,-7.6640625,5.6666164
8243416,-0.9903406,-8.511899,2.931504
8243426,-4.198469,-10.560839,1.7280066
8243436,-6.5120583,-11.474539,0.7735913
8243446,-6.697672,-10.581196,-1.3723462
8243456,-6.079757,-10.491383,-2.7686427
8243466,-5.182822,-11.414663,-1.2909155
8243476,-2.6285338,-12.747492,-1.4908997
8243486,-0.8346643,-12.88281,-1.8082397
8243496,0.013172608,-11.152409,0.2574646
8243506,1.1687695,-8.653206,0.84065187
8243516,-0.038320314,-6.8557434,-1.1508069
8243526,-2.8931837,-4.62119,-1.5914905
8243536,-4.1314087,-2.3135889,-3.2608192
8243546,-4.639153,-1.7974621,-8.861572
8243556,-7.938292,0.5292993,-5.2067723
8243567,-6.218668,-6.043832,-5.0498986
8243577,-7.921527,-12.478052,-3.561394
8243587,-6.532416,-13.894706,-4.221222
8243597,-5.1301317,-10.697354,-3.8799317
8243607,-5.2235374,-5.156477,-2.8057654
8243617,-5.7707996,0.9077124,-5.2702403
8243630,-5.6223083,4.29906,-11.521241
8243640,-5.0822315,4.6547203,-15.852634
8243650,-3.7973034,0.85502195,-16.722027
8243660,-4.623585,-9.040001,-10.109378
8243670,-9.618399,-18.318306,-8.355025
8243680,-8.3191,-13.376184,-6.2258534
8243690,-5.229525,-4.4176135,-4.4595265
8243700,-5.9396486,-0.75682616,-7.5981994
8243710,-7.7586656,0.86579955,-8.5574045
8243720,-6.7479677,-3.5350487,-8.656798
8243730,-8.680748,-8.037685,-9.73815
8243740,-7.892787,-1.1160791,-10.441088
8243750,-4.446354,6.2090883,-12.970228
8243760,-3.37578,3.8428087,-17.986597
8243770,-5.670209,-6.2809386,-19.015257
8243780,-7.303612,-16.85016,-12.661271
8243790,-5.163662,-19.962488,-9.254355
8243800,-3.566184,-16.69209,-8.153844
8243810,-3.2153137,-7.947872,-8.359816
8243820,-3.4727783,-0.62989014,-9.918973
8243830,-4.199667,3.5075061,-9.548943
8243840,-3.9026842,3.2189062,-9.734557
8243850,-4.237987,-0.6478528,-9.629176
8243860,-4.8247666,-4.60203,-9.642348
8243870,-4.998406,-6.0426345,-9.423204
8243880,-4.6571155,-4.902605,-9.024433
8243890,-3.2189062,-2.6668541,-10.480605
8243900,-2.1794677,-1.22146,-11.450588
8243911,-2.1459374,-1.477727,-10.578801
8243921,-3.627257,-4.174519,-9.057964
8243931,-6.163583,-5.749244,-6.12646
8243941,-7.108418,-6.1743603,-5.764812
8243951,-7.765851,-4.4104285,-4.863087
8243961,-8.212522,-3.1937585,-3.38536
8243971,-7.3131924,-2.818938,-4.92416
8243981,-7.066505,-3.2033386,-5.7707996
8243991,-7.289242,-7.0629125,-6.6377964
8244001,-6.6725245,-10.205178,-5.2989807
8244011,-6.1156826,-13.845608,-2.6644592
8244021,-2.8883936,-14.371315,-4.1290135
8244031,-2.6608667,-14.491066,-4.525389
8244041,-4.9038024,-14.759308,-4.3301954
8244051,-5.1133666,-10.611134,-6.074967
8244061,-5.5133348,-7.4712634,-8.960965
8244071,-4.221222,-4.707411,-10.724897
8244081,-2.0249891,-6.2498035,-7.084468
8244091,-3.4236803,-10.265054,-2.7027795
8244105,-7.428153,-8.970546,-2.5973988
8244115,-9.625584,-11.142828,1.8202149
8244125,-7.037765,-12.125984,3.1889684
8244135,-6.321654,-14.316229,5.292993
8244145,-5.379214,-14.067147,5.522915
8244155,-3.67396,-9.999207,4.508624
8244165,-1.84177,-5.3624487,-2.2381458
8244175,-1.9938538,-2.6057813,-8.496332
8244185,-5.20318,-2.5207582,-5.1768346
8244195,-5.8222923,-7.550299,-1.9866687
8244205,-5.405559,-12.842094,5.78996
8244215,-1.6956738,-14.362932,10.032737
8244225,1.8896704,-9.8447275,8.55022
8244235,1.4286292,-5.9420433,3.4560132
8244245,0.93286014,-4.9576902,-6.828201
8244255,-3.3302746,-7.4101906,-9.272318
8244266,-8.170609,-12.807367,-0.80592406
8244276,-2.8716285,-13.370196,-1.0382409
8244286,1.2502002,-13.404924,-2.9027636
8244296,-1.595083,-13.11393,-0.33171022
8244306,-5.1947975,-8.93462,7.08327
8244316,-6.2246556,0.55803955,14.833553
8244326,-7.812554,12.787009,18.397343
8244336,-3.5997143,15.584393,9.890233
8244346,-0.48020142,9.392069,3.38536
8244356,-3.3985326,-1.7327967,3.060835
8244366,-6.006709,-10.235116,3.2799792
8244376,-3.121908,-16.823814,3.4620008
8244386,0.2562671,-20.337309,3.2919543
8244396,-2.76984,-21.636606,5.950426
8244406,-5.4462743,-17.94229,9.237591
8244416,-1.3567786,-5.1157618,5.100194
8244426,-0.183219,3.69312,-0.3293152
8244436,-3.6943176,6.051017,-3.5182836
8244446,-4.998406,3.6524048,-2.9087512
8244456,-7.4149804,-2.5423133,-1.4645544
8244466,-11.062595,-9.322614,3.9242394
8244476,-8.642428,-16.90764,4.6319675
8244486,-3.9517822,-18.675165,1.2418176
8244496,-4.9289503,-15.656242,-1.6178356
8244506,-7.625742,-15.532899,-4.916975
8244516,-11.121273,-16.77352,-3.3985326
8244526,-10.995535,-17.677639,0.008382568
8244536,-7.125183,-16.098124,2.5387206
8244546,-3.432063,-12.674443,5.8175025
8244556,-0.6442602,-10.166858,6.868916
8244566,0.37362304,-8.832832,5.989944
8244576,-0.36045045,-7.019802,5.372029
8244586,-0.9903406,-5.1456995,4.317023
8244596,-1.8214123,-5.2331176,1.5747254
8244606,-3.0931678,-4.9648757,-0.123343505
8244616,-3.7709582,-3.817661,-2.083667
8244626,-4.336183,-5.3480787,-3.490741
8244636,-4.7133985,-6.577921,-2.1878502
8244646,-4.33259,-6.565946,-1.780697
8244656,-2.3998096,-7.1682935,-5.1301317
8244666,-4.1613464,-8.671168,-5.3217335
8244676,-5.4342995,-13.095966,-1.2789404
8244686,-6.3551846,-16.163986,6.325247
8244696,-5.428312,-17.230968,10.413545
8244707,-5.3289185,-13.255236,11.720028
8244721,-5.166057,-6.5671434,7.3634877
8244731,-6.8701134,-2.1219873,3.69791
8244741,-8.52627,-1.6322058,0.6586304
8244751,-9.321416,-5.3432884,-0.19399658
8244761,-8.34784,-8.491542,0.48738647
8244771,-5.4558544,-9.453142,-0.39637575
8244781,-3.4093103,-10.629097,-2.945874
8244791,-3.744613,-12.448114,-3.3997302
8244801,-4.6164002,-13.042079,-1.9555335
8244811,-4.6978307,-11.298505,0.4418811
8244821,-4.390071,-9.354946,1.477727
8244831,-5.124144,-8.083191,1.783092
8244841,-5.701344,-6.47733,2.0261865
8244852,-5.8390574,-5.6259007,1.7028589
8244862,-5.7516394,-5.243895,1.1472144
8244872,-5.774392,-5.726492,0.9963281
8244882,-5.84265,-8.147857,0.0035925293
8244892,-6.7826953,-11.559562,0.13651611
8244902,-5.999524,-12.401411,0.95321774
8244912,-4.214037,-11.516452,2.811753
8244922,-2.6812243,-10.566826,2.0728893
8244932,-2.3135889,-9.329799,1.219065
8244942,-2.889591,-8.343051,1.167572
8244952,-4.1397915,-7.2317615,0.20237915
8244962,-4.4224033,-5.413942,-0.6813831
8244972,-3.530259,-4.6990285,-1.0466236
8244982,-1.9830762,-5.492977,0.064665526
8244992,-1.5064673,-8.57417,3.578159
8245002,-0.42751098,-10.447075,6.701265
8245012,0.97118044,-10.965597,6.1420274
8245022,0.55923706,-11.287727,4.331393
8245036,0.0035925293,-10.716515,0.14010864
8245046,0.9400452,-12.384646,-3.9290295
8245056,0.48858398,-12.251722,-1.7723144
8245066,-1.2226574,-9.001681,2.0944445
8245076,-3.5817518,-6.638994,3.2811768
8245086,-7.5754466,-6.301296,6.42943
8245096,-9.183702,-8.999286,8.728649
8245106,-8.244855,-9.86269,10.703342
8245116,-7.533534,-9.029223,9.038804
8245126,-9.050778,-11.652967,5.1780324
8245136,-8.383766,-11.262579,2.6584716
8245146,-5.81391,-8.010143,2.4081922
8245156,-3.803291,-7.589817,0.62390256
8245166,-4.030818,-8.539442,-0.03592529
8245176,-3.497926,-11.176358,-2.3064039
8245187,-4.0272255,-12.809762,-2.4536974
8245197,-4.548142,-12.936698,-4.103866
8245207,-6.495293,-9.378897,-2.2896388
8245217,-6.551576,-4.6834607,0.674198
8245227,-4.5637097,-1.2837305,-0.120948486
8245237,-5.7049365,-0.80472654,0.5604346
8245247,-6.8341885,-6.0174866,-1.8920654
8245257,-7.450906,-9.742939,0.07544312
8245267,-5.548063,-10.987152,1.5136523
8245277,-3.1530433,-11.303295,-0.020357667
8245287,-2.5267456,-10.746452,-2.396217
8245297,-2.863246,-8.87714,-1.8190173
8245307,-3.5853443,-6.798263,0.07783814
8245317,-3.8356237,-8.279583,-4.5780797
8245327,-5.261858,-8.253238,-3.5913317
8245337,-5.430707,-7.2724767,-3.368595
8245347,-5.1792297,-6.4713426,-5.0726514
8245357,-5.077441,-6.6940794,-5.769602
8245367,-3.7553906,-5.938451,-5.6510487
8245377,-2.5267456,-5.9851537,-7.1599107
8245387,-3.1063404,-7.7670484,-8.2712
8245397,-3.810476,-9.404044,-5.3480787
8245407,-3.3638048,-11.250605,-3.7637732
8245417,-2.147135,-12.349918,-4.3852806
8245427,-0.8262817,-11.552377,-4.9840355
8245437,-0.2826123,-8.9442005,-5.0115786
8245447,-1.7579443,-7.721543,-6.5288234
8245457,-3.766168,-7.765851,-7.4054003
8245467,-5.1313295,-7.8101587,-8.784931
8245481,-5.4486694,-7.5538917,-10.527308
8245491,-4.4966493,-5.733677,-11.38712
8245501,-3.681145,-4.7612987,-12.528347
8245511,-4.4882665,-6.197113,-8.499925
8245521,-4.567302,-7.1383557,-6.0713744
8245531,-5.17444,-5.981561,-5.926476
8245541,-5.278623,-5.133724,-7.3131924
8245552,-5.308561,-4.206852,-6.3911095
8245562,-5.2977834,-4.5002418,-3.5853443
8245572,-6.1073,-6.114485,-2.4141798
8245582,-5.994734,-6.339617,-3.878734
8245592,-6.021079,-5.454657,-6.1132874
8245602,-6.1815453,-4.867877,-7.635322
8245612,-5.5899754,-3.822451,-9.880653
8245622,-5.4235215,-3.5530114,-10.643467
8245632,-4.9361353,-3.251239,-9.44955
8245642,-4.094286,-3.2105236,-9.259146
8245652,-4.211642,-3.561394,-9.034014
8245662,-5.045109,-5.6259007,-7.133566
8245672,-6.5156507,-10.432705,-5.8294773
8245682,-7.9790077,-14.3114395,-3.4033227
8245692,-7.0724926,-15.6622305,-1.7100439
8245702,-5.3133507,-13.836028,0.0035925293
8245712,-3.5434313,-10.905722,-1.0059083
8245722,-3.3673975,-8.570578,-1.8082397
8245732,-3.570974,-8.954978,-4.1445813
8245742,-4.211642,-9.574091,-1.7100439
8245752,-4.0487804,-9.604029,0.33769774
8245762,-4.357738,-9.217233,1.9303857
8245772,-5.5947657,-8.590935,3.1123278
8245782,-6.4988856,-8.196955,3.131488
8245792,-5.9061184,-7.3922276,1.5663428
8245802,-5.476212,-6.3288393,0.029937744
8245812,-5.5456676,-5.3552637,-0.96519285
8245822,-6.685697,-5.294191,1.22146
8245832,-6.8749037,-6.009104,3.248844
8245842,-6.6725245,-7.7371106,4.035608
8245852,-7.0078273,-9.570498,5.430707
8245862,-6.388715,-10.183623,6.4665527
8245872,-4.7792616,-9.2890835,5.997129
8245882,-3.598517,-8.393346,3.39015
8245892,-3.9565723,-7.956255,0.58079225
8245902,-5.0894165,-8.262817,-0.28500733
8245912,-6.1767554,-8.800499,0.58558226
8245922,-6.8569407,-9.447155,2.3710694
8245932,-6.9216065,-9.280701,5.9612036
8245942,-5.7660093,-7.9993653,7.0245924
8245952,-5.788762,-7.406598,5.4486694
8245962,-6.805448,-6.883286,5.7276893
8245972,-5.795947,-5.429509,7.4245605
8245983,-5.4067564,-5.0870214,8.547825
8245993,-6.037844,-6.4306273,11.437416
8246003,-6.3444066,-8.301138,12.094849
8246013,-2.6848168,-8.019723,8.331076
8246023,-0.48139894,-6.2330384,6.2426186
8246033,-2.0968397,-2.5650659,5.706134
8246047,-8.109536,-1.099314,4.9792457
8246057,-5.613926,1.0801538,3.6571949
8246067,-4.167334,-0.3329077,1.5819104
8246077,-6.182743,-4.643943,-0.36164796
8246087,-5.2163525,-8.86277,2.1136048
8246097,-3.2823744,-10.309361,6.795868
8246107,-2.0621119,-8.986114,7.204219
8246117,-3.39015,-5.557643,4.939728
8246127,-3.4763708,-2.4716601,2.2285657
8246137,-3.4356556,-2.1950355,1.4238391
8246147,-3.5290613,-2.4584875,2.3722668
8246157,-3.7386255,-0.54366946,3.5110986
8246167,-2.1782703,2.0489392,4.084706
8246177,-0.8250842,2.3614893,3.5374439
8246187,-4.0511756,-1.6238233,1.6010705
8246197,-5.6654186,-5.8558226,1.8812878
8246207,-5.3337083,-11.887679,1.470542
8246217,-8.028106,-16.581917,1.7974621
8246227,-7.7682457,-15.682588,3.0871801
8246237,-3.3650024,-12.395424,2.0094213
8246247,-0.8238867,-7.34313,-0.065863036
8246257,-2.142345,-6.314469,-4.261937
8246267,-3.0524523,-4.3792934,-5.9121056
8246277,-0.4418811,-2.994972,-7.6892104
8246287,-2.654879,-8.272397,-9.383686
8246297,-7.961045,-13.712685,-5.78038
8246307,-9.750125,-15.611935,-2.4081922
8246317,-3.671565,-10.049502,-0.9807605
8246327,-3.5853443,-6.638994,-4.0200405
8246337,-5.166057,-0.9699829,-7.8736267
8246347,-6.41506,2.1243823,-10.69496
8246357,-3.1542406,0.9292676,-13.348641
8246367,-7.4640784,-7.1287756,-14.574891
8246377,-10.788365,-15.223942,-11.70446
8246387,-0.74365354,-17.37467,-7.9107494
8246397,0.97597045,-20.716919,-7.8640466
8246407,-6.5204406,-15.694563,-6.589896
8246417,-6.974297,-7.205416,-7.9059596
8246428,-5.8294773,-3.7829332,-10.603949
8246438,-8.270002,-5.5444703,-11.294912
8246448,-8.586145,-7.6963954,-9.348959
8246458,-5.6079383,-7.0401597,-10.080637
8246468,-4.118236,-4.2787023,-10.900931
8246478,-4.6032276,-3.253634,-11.076965
8246488,-4.770879,-4.9085927,-9.372909
8246498,-4.101471,-8.82445,-8.771759
8246508,-4.0272255,-10.942844,-5.748047
8246518,-2.5195606,-9.342971,-6.5719337
8246528,-1.22146,-6.900051,-9.46392
8246538,-0.5221143,-5.611531,-12.984598
8246548,-2.1794677,-5.144502,-11.820619
8246558,-2.7806177,-4.0882983,-9.472302
8246568,-4.9481106,-5.845045,-7.6544824
8246578,-6.692882,-7.3048096,-4.3864784
8246588,-8.404123,-8.614885,0.48020142
8246598,-7.7670484,-7.458091,1.6669335
8246608,-6.2521987,-6.2414207,-1.8309925
8246625,-5.9851537,-7.9766126,-2.2345533
8246635,-5.5851855,-9.314231,0.9939331
8246645,-5.078639,-9.918973,1.0921289
8246655,-3.9733374,-8.806487,-2.7794201
8246665,-2.945874,-8.794512,-15.522121
8246675,-3.8332288,-5.846243,-13.093572
8246685,-7.486831,-7.4473133,-6.5288234
8246695,-8.82445,-10.021959,-2.5962012
8246705,-8.1143265,-10.979967,-5.1385145
8246715,-6.2785435,-10.75723,-7.0257897
8246725,-3.8931043,-10.402767,-5.108577
8246735,-2.0453467,-9.360934,-1.4992822
8246745,-2.0609143,-7.68442,-1.961521
8246755,-6.267766,-5.034331,-4.9696655
8246765,-5.454657,-3.0799952,-9.388476
8246775,-7.195836,-7.012617,-7.0533323
8246785,-7.1682935,-11.696078,-3.5110986
8246795,-4.3278003,-12.549902,-3.9493873
8246805,-3.0428724,-9.621991,-5.0331335
8246815,-4.5613146,-5.7863674,-5.557643
8246825,-5.854625,-3.9457946,-7.0796776
8246835,-6.4641576,-7.176676,-6.1851377
8246845,-5.51094,-10.232721,-3.1734009
8246855,-1.1472144,-6.744375,-2.7973828
8246865,0.20716919,-3.7529955,4.4667115
8246875,3.2751892,-3.9589672,0.38440064
8246885,2.962639,-5.318141,1.8836828
8246895,1.6884887,-7.0904555,4.463119
8246905,0.7161108,-10.321337,1.035846
8246915,-1.7663269,-10.038724,0.061072998
8246925,-3.0847852,-8.768167,-2.2501209
8246935,-4.0104604,-8.551417,-2.0704944
8246945,-4.148174,-8.595725,-1.9555335
8246955,-3.2991395,-8.928633,-2.266886
8246965,-2.4022045,-7.564669,-2.894381
8246975,-0.52570677,-7.1203933,-4.3613305
8246985,-1.1328442,-6.4030848,-3.9913
8246995,-2.9913795,-8.683144,-7.1287756
8247006,-5.613926,-10.977572,-8.273595
8247016,-10.524914,-10.279424,-8.483159
8247026,-12.742702,-3.6164794,-15.849042
8247036,-14.443165,1.4394068,-18.370996
8247046,-13.346247,-1.6753162,-15.668218
8247056,-9.131012,-7.8101587,-14.798825
8247066,-5.898933,-13.718672,-14.560521
8247076,-4.4894643,-16.264578,-7.0162096
8247086,-2.9662316,-13.78214,2.4213648
8247096,-3.9853125,-9.996812,2.0190015
8247106,-7.0257897,-10.902129,8.087981
8247116,-6.3743443,-10.291399,9.594448
8247126,-5.019961,-8.485554,0.33650026
8247136,-4.111051,-7.1120105,-6.3060865
8247146,-2.9171338,-7.2401443,-9.575288
8247156,-2.7255323,-8.874744,-5.3205357
8247166,-1.8920654,-8.8963,-1.3519886
8247176,0.20836669,-7.005432,-0.09340576
8247186,1.6346009,-5.879773,1.4322217
8247196,1.6920813,-5.884563,3.7386255
8247206,1.2981006,-7.276069,4.4499464
8247216,0.5388794,-8.353828,4.5217967
8247226,-0.068258055,-8.3957405,2.5758436
8247236,-1.2478051,-7.7514806,0.7580237
8247246,-3.2153137,-7.907157,0.05269043
8247256,-4.743336,-9.048384,-1.9603235
8247266,-6.1228676,-10.673405,-4.155359
8247276,-7.162306,-11.985875,-4.045188
8247286,-6.245013,-12.364288,-4.58287
8247296,-3.7290454,-8.1143265,-2.3758593
8247312,0.6167175,-5.7217016,-4.8582973
8247322,1.780697,-6.916816,-5.884563
8247332,-2.088457,-11.492501,-1.0729687
8247343,-6.148015,-14.220428,-4.069138
8247353,-11.377541,-11.24342,-8.25683
8247363,-12.787009,-4.9277525,-12.554692
8247373,-11.227852,0.90531737,-13.395344
8247383,-9.642348,-0.15208374,-14.033617
8247393,-9.049582,-4.6690907,-11.650573
8247403,-8.576565,-9.621991,-7.5047936
8247413,-8.188572,-14.870676,-2.694397
8247423,-5.4726195,-15.052698,-2.3998096
8247433,-2.5938063,-11.371552,-3.2248938
8247443,-1.5483801,-6.5060706,-2.7159522
8247453,-3.0213172,-4.5840673,-3.878734
8247463,-6.5288234,-6.070177,-3.7529955
8247473,-7.819739,-9.019644,-5.276228
8247483,-7.387438,-11.035052,-3.2440538
8247493,-5.572013,-11.660152,-2.3267615
8247503,-4.9624805,-11.056607,-2.3830445
8247513,-4.445156,-8.734636,-1.4477893
8247523,-3.8523889,-7.6616673,-2.3698719
8247533,-4.2008643,-9.034014,-3.2692018
8247543,-3.9553747,-10.526111,-3.187771
8247553,-3.2296839,-10.223141,-1.7842896
8247563,-2.9422815,-7.723938,0.87298465
8247573,-3.1135254,-7.2628965,1.1855347
8247583,-3.6919227,-8.8484,1.0957215
8247593,-3.3386571,-10.867401,0.305365
8247603,-1.8800904,-12.752281,-0.1951941
8247613,-0.99992067,-12.460089,-0.60354495
8247623,-1.3663586,-11.443403,-2.4369323
8247633,-2.4824378,-10.965597,-4.1242237
8247647,-3.3386571,-11.001522,-4.9624805
8247657,-3.8679566,-11.34401,-4.7541137
8247667,-4.1302114,-11.171569,-3.8978944
8247677,-3.6883302,-10.607541,-3.3230896
8247687,-3.4488282,-9.962084,-1.6202307
8247697,-2.4249573,-7.516769,-1.0633887
8247707,-1.3711487,-4.778064,-3.634442
8247717,-1.6681311,-1.6166382,-4.804409
8247727,-3.2308815,0.7101233,-3.6392322
8247737,-4.7792616,1.1747571,-3.9757323
8247747,-5.180427,-1.714834,-2.943479
8247757,-2.7758276,-5.7384667,-1.9160156
8247767,-0.5867798,-8.5717745,-1.7519568
8247777,0.9340576,-10.563233,-2.2465284
8247787,0.97477293,-8.029303,-3.918252
8247797,0.5556445,-5.588778,-8.982521
8247807,-2.9566517,-0.12813355,-10.42073
8247817,-4.436774,0.66821045,-15.787969
8247827,-5.5121374,0.04790039,-13.606106
8247837,-5.7707996,-6.532416,-9.347761
8247847,-6.676117,-14.954502,0.09340576
8247857,-5.945636,-23.796913,1.7100439
8247867,-3.1566358,-25.738077,0.6095325
8247877,0.6490503,-18.481169,3.2692018
8247887,0.96160036,-8.341853,-1.3124707
8247897,-3.8188586,-0.26704466,-8.638836
8247907,-7.8496766,3.5913317,-14.529386
8247917,-7.995773,1.2250525,-19.94692
8247927,-7.738308,-2.391427,-17.632133
8247937,-6.6246243,-7.4808435,-15.574812
8247947,-5.508545,-12.159514,-10.050699
8247957,-5.285808,-14.341377,-4.636758
8247967,-3.0764027,-16.60467,-7.411388
8247977,-1.6801062,-14.336587,-8.056846
8247987,-2.193838,-7.789801,-10.164463
8247997,-4.8738647,-2.8668385,-13.152249
8248007,-7.5371265,0.082628176,-13.079202
8248017,-9.1765175,0.3221301,-9.775272
8248027,-10.011182,-1.3879138,-4.54934
8248037,-7.9203296,-4.3757005,-4.8008165
8248047,-5.8402553,-4.9445176,1.1603869
8248057,-2.4249573,-7.891589,4.319418
8248067,-1.7962646,-7.63652,5.403164
8248077,-5.812712,-7.061715,-1.6441809
8248087,-10.649454,-10.335707,-4.7325587
8248097,-9.250763,-9.1765175,-5.2846107
8248107,-6.6653395,-7.4485106,-2.8452833
8248117,-6.561156,-7.795789,1.5519726
8248128,-6.556366,-9.42081,3.2991395
8248138,-5.6163206,-12.7570715,3.05365
8248148,-4.574487,-12.268488,5.621111
8248158,-2.8524683,-10.946437,5.5851855
8248168,-2.8668385,-8.898695,4.1757164
8248182,-3.5482213,-7.707173,-0.4430786
8248192,-5.647456,-7.777826,0.4514612
8248202,-6.779103,-8.110734,4.3074427
8248212,-5.452262,-7.841294,5.5803957
8248222,-3.2009437,-7.796986,6.5300207
8248232,-1.0502161,-8.741821,6.363567
8248242,0.5388794,-8.644823,1.3687537
8248252,-2.2297633,-7.9766126,-2.278861
8248262,-4.0499783,-6.0953245,1.104104
8248272,-11.936777,-6.342012,0.18800904
8248282,-13.48396,-10.653047,9.883048
8248292,-6.8557434,-15.141314,13.14267
8248302,-4.5373645,-15.86461,13.555811
8248312,-4.966073,-14.815591,10.79555
8248322,-5.031936,-13.275593,7.406598
8248332,-7.077283,-7.9837976,4.57329
8248342,-4.5625124,-1.53401,2.802173
8248352,-4.188889,0.2814148,-0.36045045
8248362,-5.5935683,-0.13412109,1.111289
8248372,-7.38145,-0.16765137,4.764891
8248382,-6.7144375,-3.185376,6.321654
8248392,-5.6330857,-6.4234424,8.793314
8248402,-8.213719,-7.0257897,9.085506
8248412,-5.1995873,-7.9107494,7.2161937
8248422,-3.5003211,-8.93941,6.549181
8248432,-2.567461,-8.040081,6.575526
8248442,0.37122804,-3.3889527,7.0724926
8248452,-1.9291883,0.0742456,7.731123
8248462,-2.933899,0.5173242,5.243895
8248472,-3.3230896,-1.6106507,6.3515916
8248482,-2.926714,-3.7362304,7.8029737
8248492,-0.80592406,-2.8369007,9.751322
8248502,-3.5625916,-3.8344262,5.1840196
8248512,-3.0129347,-7.516769,-0.33889526
8248522,-5.2558703,-9.412427,-0.81789917
8248532,-5.4738173,-8.392148,0.1580713
8248542,-5.0582814,-6.852151,3.1530433
8248552,-4.4247985,-4.749324,5.3432884
8248563,-4.069138,-2.6153612,6.42943
8248573,-3.7134778,-1.1532019,7.3048096
8248583,-4.085903,-0.75682616,6.949149
8248593,-4.9157777,-1.3028907,6.716832
8248603,-4.311035,-3.1566358,5.3684363
8248613,-2.3854394,-3.5063086,6.018684
8248623,-1.463357,-6.1671753,6.295309
8248633,-1.343606,-9.471105,4.8247666
8248643,-1.0777588,-8.071216,2.6860144
8248653,-3.2955468,-8.102351,0.14968872
8248663,-2.7878027,-6.1935205,0.6993457
8248673,-4.6152024,-2.6057813,-0.58079225
8248683,-4.89542,2.2261705,-4.7086086
8248693,-5.5696177,2.0357666,-8.089178
8248703,-7.7299256,-8.243657,-6.0342517
8248713,-7.2365513,-13.630056,0.61911255
8248723,-0.5652246,-12.787009,0.88855225
8248733,-2.7375073,-7.1527257,-1.7663269
8248743,-4.372108,-7.3072047,-9.950109
8248753,-9.79084,-14.483881,-10.500963
8248763,-3.410508,-13.5127,-5.435497
8248773,-5.830675,-15.780784,-6.7312026
8248783,-2.0285816,-9.988429,-8.25683
8248793,-4.6643004,-9.977652,-12.942685
8248803,-7.373068,-11.977492,-12.105626
8248813,-6.0641894,-14.38808,-6.7803
8248823,-5.101392,-15.180831,-4.918173
8248833,-5.004393,-13.189373,-5.7288866
8248843,-5.1864147,-9.996812,-7.852072
8248853,-5.391189,-6.598279,-9.126222
8248863,-5.452262,-4.414021,-10.07465
8248873,-5.036726,-3.6356397,-10.77639
8248883,-5.555248,-5.640271,-10.032737
8248893,-4.3289976,-8.0580435,-8.576565
8248903,-2.9841943,-11.851754,-7.3203773
8248913,-3.7517982,-13.846806,-5.166057
8248923,-2.3387365,-11.769126,-5.2247353
8248933,-3.7649708,-10.447075,-7.294032
8248943,-7.067703,-7.770641,-7.2832546
8248961,-4.7541137,-6.490503,4.531377
8248971,-6.4641576,-8.485554,-1.1436218
8248981,-2.2932312,-8.311915,-5.981561
8248992,-4.916975,-10.5692215,-0.74365354
8249002,-3.6871326,-10.71412,-1.8429675
8249012,-3.37099,-9.886641,-1.8250049
8249022,-5.0307384,-11.269764,-2.6668541
8249032,-7.595804,-13.353432,-3.432063
8249042,-8.305927,-11.583512,-6.4593678
8249052,-3.133883,-6.8018556,-9.580078
8249062,-1.7435743,-6.2593837,-6.929989
8249072,-0.11496094,-7.452103,-3.9445972
8249082,-3.1722033,-10.48779,1.23104
8249092,-6.638994,-13.953383,1.5196398
8249102,-4.0272255,-9.138197,0.4921765
8249112,-3.2093263,-2.398612,2.4333398
8249122,-2.8596532,-1.653761,2.9039612
8249132,-7.476053,-7.1275783,8.837622
8249142,-2.887196,-6.5012803,11.005115
8249152,0.11256592,-5.7851696,10.812316
8249162,-0.9136999,-8.341853,6.525231
8249172,-2.393822,-9.49745,3.5290613
8249182,-2.147135,-10.213561,2.0645068
8249192,-2.0405567,-10.942844,1.3280383
8249202,-2.6369164,-10.485395,3.011737
8249212,-2.6931994,-9.190887,2.8560607
8249222,-3.6643798,-9.750125,5.7097263
8249235,-2.3614893,-8.104746,2.4465125
8249245,-5.611531,-7.129973,10.172846
8249255,-5.583988,-4.1565566,11.470946
8249265,-2.4740553,-2.9003687,6.5288234
8249275,-2.098037,-5.7145166,5.400769
8249285,-1.1579919,-8.165819,5.6079383
8249295,0.19160156,-8.497529,4.9217653
8249305,-0.040715333,-7.394623,2.6776319
8249315,-2.6093738,-4.8175817,3.004552
8249325,-4.5074267,-1.4597644,4.8427296
8249335,-4.5936475,-1.3831238,3.6991076
8249345,-4.1948767,-3.2524366,2.4417224
8249355,-3.6643798,-5.294191,4.687053
8249365,-3.046465,-7.340735,6.12167
8249375,-2.8979735,-9.363329,6.0055113
8249385,-3.2644117,-9.504635,4.836742
8249395,-4.4331813,-8.137079,4.782854
8249405,-4.623585,-7.6029897,0.93765014
8249415,-6.864126,-6.763535,-0.6730005
8249425,-6.573131,-4.6128078,-1.5016773
8249435,-6.2486057,-2.8105555,1.0502161
8249445,-6.5599585,-3.3554223,1.9782861
8249455,-7.5275464,-0.7855664,-0.123343505
8249465,-9.372909,-3.7314405,-4.387676
8249475,-10.872191,-9.426797,-5.4259167
8249485,-11.909235,-11.474539,-3.7027001
8249495,-7.3275623,-10.835069,-3.8344262
8249505,-5.23671,-11.839779,-7.7442956
8249515,-6.71803,-12.715158,-8.229287
8249526,-8.323891,-15.526912,-7.6245446
8249536,-7.562274,-16.58551,-3.4512231
8249546,-6.206693,-15.938855,0.40116578
8249556,-3.6021094,-13.0241165,1.7004639
8249566,-3.6308496,-9.697434,1.096919
8249576,-5.0498986,-5.6366787,1.5938855
8249586,-5.316943,-3.610492,-3.1937585
8249596,-6.4893055,-4.014053,-6.15041
8249606,-8.358618,-7.34792,-7.0641103
8249616,-7.4880285,-12.535532,-3.1614258
8249626,-5.692961,-15.404766,1.3364209
8249636,0.29578492,-12.260105,1.8860779
8249646,2.887196,-10.639874,-0.18800904
8249656,0.039517824,-8.562195,-1.8106347
8249666,-3.8392162,-8.780142,-3.1674132
8249676,-5.3361034,-8.180189,-3.5194812
8249686,-5.358856,-6.7192273,-3.3506324
8249696,-4.6654983,-4.133804,-3.2009437
8249706,-4.538562,-1.9351758,-3.0644274
8249719,-3.8236487,-1.2981006,-5.7863674
8249729,-3.7745507,-1.162782,-10.491383
8249739,-4.261937,-0.9556128,-13.803695
8249749,-4.8259645,-4.012855,-15.35447
8249759,-6.0126967,-8.103549,-14.150973
8249769,-6.615044,-10.684182,-11.329639
8249779,-6.957532,-13.74861,-8.153844
8249789,-5.266648,-13.906681,-7.5179663
8249799,-2.701582,-11.163186,-6.0055113
8249809,-1.9830762,-10.13213,-8.036488
8249820,-5.3408937,-9.121432,-5.6953564
8249830,-8.017328,-7.6401124,-6.9060388
8249840,-8.183782,-7.05453,-8.938213
8249850,-7.9514647,-6.277346,-9.85311
8249860,-6.739585,-4.877457,-7.95386
8249870,-5.2343154,-5.0798364,-5.2019825
8249880,-4.6187954,-8.717871,-5.6079383
8249890,-4.709806,-9.854308,-5.2343154
8249900,-5.0594788,-10.642269,-4.599635
8249910,-5.221143,-9.581276,-3.5697765
8249920,-5.8654027,-7.8568616,-4.8594947
8249930,-5.6666164,-5.2630553,-6.8413734
8249940,-5.677394,-3.1805859,-6.563551
8249950,-5.9863515,-3.0177245,-4.087101
8249960,-5.024751,-5.555248,-2.7973828
8249970,-5.621111,-8.29515,-3.6356397
8249980,-6.5851064,-9.839938,-2.8153455
8249990,-8.26641,-12.345128,-2.0597167
8250000,-5.886958,-11.761941,-4.7397437
8250010,-3.4775684,-9.3453665,-8.594527
8250020,-4.764891,-8.743019,-4.92416
8250030,-5.5899754,-7.2904396,-2.2046156
8250040,-6.5863037,-3.5266662,-6.2713585
8250050,-6.9994445,-5.2726355,-10.408755
8250060,-6.2653713,-7.8161464,-5.732479
8250070,-4.869075,-10.962005,-2.0261865
8250080,-2.6884093,-12.745096,0.8849597
8250090,-1.5064673,-12.443324,2.5279431
8250100,-1.705254,-11.982283,2.4405248
8250110,-2.9662316,-10.836266,1.2597803
8250120,-3.9314246,-9.429192,-0.97597045
8250130,-3.9661524,-7.532336,-1.651366
8250140,-4.2367897,-6.3935046,-1.3603711
8250150,-3.6356397,-7.1120105,-1.0071057
8250160,-3.68354,-8.623268,-1.9232007
8250170,-3.3673975,-9.823173,-2.7854078
8250180,-3.681145,-9.831555,-1.8058448
8250190,-3.6464171,-9.768087,-3.7206628
8250200,-4.315825,-7.6640625,-2.9398866
8250210,-3.9901025,-5.2139573,-3.754193
8250220,-3.3314722,-1.9782861,-5.166057
8250230,-3.194956,-1.0095007,-7.3850427
8250240,-4.3122325,-3.9553747,-6.955137
8250250,-4.7768664,-7.658075,-3.3506324
8250260,-3.4500256,-10.746452,-0.73048097
8250270,-2.1148024,-12.119996,0.6873706
8250281,-1.5459851,-10.523716,-0.6251001
8250291,-1.7615368,-7.1168003,-3.6871326
8250301,-2.074087,-3.5230737,-5.9133034
8250311,-3.314707,-2.75068,-8.086783
8250328,-4.716991,-5.077441,-9.178912
8250338,-6.3288393,-7.2832546,-9.285491
8250348,-7.0329747,-4.045188,-6.4102697
8250358,-4.3960586,2.290836,-5.9863515
8250368,-4.3002577,2.630929,-4.811594
8250378,-2.6908045,-7.34792,-9.079519
8250388,-8.866363,-14.627582,-9.736952
8250398,-10.930869,-14.72458,-14.332994
8250408,-7.140751,-5.436694,-9.363329
8250418,-4.831952,-2.6153612,-9.364527
8250428,-5.718109,-6.4078746,-11.030262
8250438,-7.401808,-8.562195,-9.207653
8250448,-6.7611403,-7.961045,-8.787327
8250458,-5.3552637,-7.5467067,-8.305927
8250468,-5.725294,-8.480764,-6.6246243
8250478,-5.6270986,-8.484357,-6.595884
8250488,-5.8198977,-5.676196,-7.652087
8250498,-5.8031325,-2.7087672,-10.608739
8250508,-6.1300526,-1.419049,-13.280383
8250518,-6.452183,-2.1136048,-14.895824
8250528,-5.4043617,-4.4247985,-15.845449
8250538,-5.1552796,-5.3313136,-12.614568
8250548,-4.8451247,-5.4235215,-8.760982
8250558,-3.3530273,-5.7288866,-7.5610766
8250568,-3.5122962,-9.357342,-5.8977356
8250578,-2.7806177,-9.272318,-3.66917
8250588,-1.7986597,-7.801776,-6.638994
8250598,-4.7864466,-7.891589,-7.0317774
8250608,-7.3982153,-7.3586974,-6.0390415
8250618,-9.257948,-8.034093,-4.455934
8250628,-8.428074,-8.139474,-2.9674292
8250638,-6.7803,-7.523954,-3.4021254
8250648,-6.3743443,-8.153844,2.0237916
8250658,-7.3347473,-9.620793,7.62694
8250668,-7.6592727,-10.745255,-1.5807129
8250678,-5.805527,-9.587263,-7.2569094
8250688,-0.671803,-6.3719497,-16.714842
8250698,-3.8344262,-6.3300366,-11.826607
8250708,-5.181625,-8.30473,-8.543035
8250718,-9.581276,-8.734636,-4.8475194
8250728,-12.075688,-14.899417,3.3626075
8250738,-7.3826475,-18.68235,7.186256
8250748,-1.9136206,-13.398937,6.9970493
8250758,-0.5400769,-11.487711,-2.926714
8250768,-2.262096,-10.597961,-7.604187
8250779,-2.9303064,-6.7288074,-2.5075855
8250789,-1.0083032,-4.4834766,-5.2331176
8250799,-1.9902612,-4.142186,-1.1220666
8250809,-0.31015503,4.2248144,0.35087037
8250819,4.014053,0.7604187,-7.0233946
8250829,-0.15687378,-6.331234,-2.1794677
8250839,-0.03592529,-14.170133,1.583108
8250849,1.0190808,-16.7831,6.8557434
8250859,1.834585,-12.270883,2.0130138
8250869,-1.2034973,-7.9646373,-1.7447717
8250879,-5.264253,-7.3131924,-1.0286609
8250889,-7.5191636,-8.29036,-1.0274634
8250899,-7.8161464,-7.5131764,-0.6825806
8250909,-5.6438637,-5.4331017,-2.3004162
8250919,-2.1650977,-1.2969031,-2.1722827
8250929,-0.17723145,-1.6621436,-6.8533483
8250939,-2.9159362,-8.217312,-4.336183
8250949,-8.977731,-13.286371,4.731361
8250959,-6.849756,-14.190491,0.979563
8250969,-4.7157936,-8.9442005,0.2945874
8250979,-2.6297314,-4.9768505,-1.778302
8250989,-1.83698,-4.7517185,-3.5578015
8250999,-3.4428406,-5.221143,-2.9877868
8251009,-3.241659,-6.171965,-3.923042
8251019,-1.3328284,-8.375383,-10.753637
8251029,-5.613926,-13.323494,-13.694721
8251039,-8.890312,-16.956738,-14.736555
8251049,-8.277187,-17.832117,-13.501923
8251059,-5.154082,-15.362853,-11.445798
8251069,-3.4524207,-12.224179,-9.200467
8251086,-3.2500415,-8.630453,-9.16095
8251096,-4.174519,-5.979166,-10.429112
8251106,-4.981641,-4.5074267,-11.326047
8251116,-5.4390893,-4.5325747,-10.357262
8251126,-5.400769,-4.2571473,-8.052055
8251136,-4.9996033,-3.5266662,-7.1443434
8251146,-5.1840196,-2.753075,-7.6904078
8251157,-6.001919,-2.286046,-8.332273
8251167,-7.010222,-2.8476782,-6.394702
8251177,-7.1527257,-4.799619,-3.2057335
8251187,-6.9359765,-7.181466,1.7483642
8251197,-4.319418,-7.6461,2.4764502
8251207,-2.6632617,-7.526349,1.6154407
8251217,-4.336183,-10.5057535,0.37362304
8251227,-6.246211,-12.600198,-0.3065625
8251237,-6.998247,-12.299623,0.5640271
8251247,-6.8701134,-10.371632,2.7087672
8251257,-5.457052,-9.729767,3.3985326
8251267,-3.7625756,-8.477172,1.3783337
8251277,-2.75547,-8.029303,-1.729204
8251287,-3.1398706,-9.544153,-2.9039612
8251297,-3.36141,-9.002878,-2.1746778
8251307,-3.6320472,-8.443642,-2.347119
8251317,-4.3421702,-8.117919,-3.222499
8251327,-4.963678,-7.9203296,-4.2080493
8251337,-4.9720607,-8.013736,-5.2965856
8251347,-5.088219,-7.9119473,-5.1504893
8251357,-4.975653,-6.8341885,-6.8413734
8251367,-6.4749355,-7.599397,-4.0044727
8251377,-5.701344,-13.0803995,-3.2572265
8251387,-3.8535864,-11.151211,-1.1783496
8251397,-2.2417383,-7.9574523,-3.6308496
8251407,-2.6560767,-6.700067,-6.4737377
8251417,-3.8200562,-5.363646,-5.542075
8251427,-4.2391844,-5.6738014,-3.3985326
8251437,-4.3002577,-7.4880285,-3.681145
8251447,-4.6822634,-10.376422,-2.9937744
8251457,-4.093088,-11.327245,-2.6836195
8251467,-4.0104604,-10.536888,-4.7792616
8251477,-5.022356,-10.736873,-6.763535
8251487,-5.606741,-11.027867,-5.8198977
8251497,-5.437892,-10.608739,-3.9924974
8251507,-4.4415636,-9.705816,-3.0308971
8251517,-3.8020935,-9.1693325,-3.2871642
8251527,-3.3458424,-7.5514965,-3.4152977
8251537,-3.4021254,-6.053412,-4.813989
8251547,-4.331393,-6.3935046,-5.642666
8251557,-4.6343627,-7.594607,-7.509584
8251567,-4.916975,-9.437574,-6.332432
8251577,-4.5768824,-10.219548,-4.5062294
8251587,-3.925437,-9.2184305,-3.446433
8251598,-3.69791,-7.5670643,-3.3530273
8251608,-3.7601807,-6.461763,-4.2583447
8251618,-3.9853125,-5.6223083,-4.169729
8251628,-4.235592,-5.926476,-3.9781275
8251638,-3.923042,-6.4438,-4.564907
8251648,-4.1457787,-7.3706727,-5.367239
8251663,-4.564907,-8.31431,-4.8894324
8251673,-4.7385464,-9.513018,-4.7696815
8251683,-4.2643323,-9.780063,-4.405638
8251693,-4.035608,-8.844807,-4.023633
8251703,-4.1469765,-7.437733,-4.2391844
8251713,-4.5373645,-6.180348,-4.319418
8251723,-5.149292,-5.5851855,-4.5529323
8251733,-5.522915,-5.7636147,-5.1229467
8251743,-5.9133034,-6.700067,-6.2521987
8251753,-6.3815293,-8.735834,-6.4066772
8251763,-7.171886,-10.722503,-5.750442
8251773,-8.751401,-8.988508,-4.6714854
8251783,-9.025631,-7.6568775,-9.060359
8251793,-8.750204,-7.188651,-11.37275
8251803,-7.852072,-6.175558,-9.954899
8251813,-5.6654186,-6.1180773,-6.7922754
8251823,-2.6273365,-5.4438796,-4.55892
8251833,-0.38440064,-5.9145007,-2.7159522
8251843,0.9017249,-7.9035645,-1.651366
8251853,1.6597486,-9.353748,-0.4035608
8251863,1.9962487,-10.603949,-1.1520044
8251873,1.8273998,-11.390713,-1.585503
8251883,1.3064831,-12.127181,-1.8753003
8251894,0.58438474,-12.742702,-0.984353
8251904,-0.29219237,-13.268408,-0.0981958
8251914,-0.7137158,-13.455219,0.735271
8251924,-0.24668701,-12.117601,0.37601808
8251934,0.3915857,-9.78605,-1.3735437
8251944,0.8107141,-7.9742174,-3.6033068
8251954,0.8214917,-6.661747,-5.2510805
8251964,1.0873389,-4.0679407,-6.8042507
8251974,-2.569856,-5.3780165,-5.771997
8251984,-4.319418,-7.6712475,-4.181704
8251994,-4.792434,-8.453221,-2.515968
8252004,-1.8681152,-2.5926087,-1.1927197
8252014,-1.3448035,2.5566833,0.13651611
8252024,-2.5471032,-0.7137158,-5.252278
8252034,-5.4259167,-6.0402393,-3.5805542
8252044,-5.5923705,-8.952583,-3.6655774
8252054,-7.1024303,-11.494896,-2.2824535
8252064,-7.1371584,-14.279106,-1.893263
8252074,-6.7611403,-17.281263,1.6334033
8252084,-6.177953,-20.152891,7.0952454
8252094,-3.5075061,-20.752844,4.2763076
8252104,-1.895658,-17.386644,-0.82747924
8252114,-2.271676,-11.715238,-5.357659
8252124,-3.5266662,-7.339537,-10.7943535
8252134,-6.9359765,-7.9059596,-14.253959
8252144,-13.286371,-5.4247193,-4.399651
8252154,-15.851437,-6.7623377,-1.5890955
8252164,-13.267211,-9.467512,-0.57959473
8252174,-8.948991,-11.152409,2.5327332
8252184,-4.409231,-11.388318,4.59245
8252194,-3.0320947,-11.73799,4.6834607
8252204,-5.3384986,-10.693762,5.2019825
8252214,-7.5023985,-9.522597,5.3121533
8252224,-5.3205357,-7.225774,4.62119
8252234,-3.1410682,-4.6008325,2.3974144
8252244,-3.368595,-4.162544,0.7113208
8252254,-5.6582336,-6.2905188,0.41194335
8252264,-8.723859,-8.206534,1.043031
8252280,-10.158475,-10.153686,2.8105555
8252290,-8.732242,-11.027867,4.3373804
8252300,-7.1934414,-9.952503,4.8918276
8252310,-6.6964746,-9.529782,3.8751416
8252320,-6.685697,-9.245973,3.69791
8252330,-5.5827904,-10.044712,3.8320313
8252340,-4.4259963,-9.035212,9.293873
8252350,-7.259304,-6.245013,8.070019
8252360,-8.473579,-5.060676,3.0776
8252370,-7.6496925,-2.9303064,3.3530273
8252380,-7.2640944,-3.0129347,3.3673975
8252390,-6.5192432,-4.127816,5.604346
8252401,-5.4115467,-5.2678456,6.2102857
8252411,-3.681145,-4.0954833,6.4797254
8252421,-4.5205994,-3.800896,8.331076
8252431,-3.319497,-3.2895594,7.932305
8252441,-1.966311,-2.9279113,8.820857
8252451,-3.8416114,-3.4308655,6.908434
8252461,-5.125342,-2.7243347,5.733677
8252471,-4.3924656,-1.6441809,5.0666637
8252481,-5.342091,-0.72928345,5.0475035
8252491,-6.502478,-2.2345533,5.4319043
8252501,-5.6905665,-4.0751257,6.587501
8252511,-4.7205834,-5.252278,8.120314
8252521,-3.5877392,-5.7911572,9.541758
8252531,-3.8931043,-5.798342,10.212363
8252541,-4.2727146,-5.3480787,10.059082
8252551,-4.4008484,-4.9924183,9.48787
8252561,-4.0559654,-4.5469446,9.329799
8252571,-3.7553906,-4.2415795,9.495055
8252581,-3.3182995,-4.5002418,9.153765
8252591,-2.3722668,-5.4630394,8.434061
8252601,-2.4213648,-6.9623218,7.938292
8252611,-2.4177723,-8.29515,7.355105
8252621,-2.4920177,-8.012538,6.0330544
8252631,-2.384242,-6.194718,4.0392003
8252641,-4.364923,-4.367318,2.0333717
8252651,-4.9157777,-4.5002418,0.61791503
8252661,-5.1289344,-4.653523,1.5543677
8252671,-6.1228676,-4.7672863,1.7112415
8252681,-5.767207,-3.666775,1.4885046
8252691,-5.0822315,-2.2632935,1.7651294
8252701,-4.675078,-1.6573535,1.475332
8252711,-4.716991,-2.1255798,1.162782
8252721,-4.4978466,-3.410508,0.7604187
8252731,-3.8847218,-5.4893847,-0.42272094
8252746,-3.36141,-7.5395217,-1.355581
8252756,-1.6956738,-8.737031,-3.0859826
8252766,-2.379452,-10.611134,-2.1267774
8252776,-4.9481106,-13.597723,3.0620325
8252786,-6.3432093,-15.463444,6.676117
8252796,-4.198469,-13.198953,9.668694
8252806,-1.3208532,-11.106903,7.2293663
8252816,-3.326682,-11.779903,0.76281375
8252826,-3.9924974,-7.261699,-4.28948
8252836,-5.302573,-7.595804,-6.0977197
8252846,-5.005591,-12.573853,-8.800499
8252856,-4.675078,-14.332994,-5.9037232
8252866,-4.1936793,-14.571299,-5.134922
8252876,-3.873944,-12.051739,-2.9183314
8252886,-2.943479,-10.421927,-3.4883459
8252896,-3.5039136,-9.174122,-4.0332127
8252906,-4.218827,-7.692803,-4.267925
8252916,-3.873944,-6.588699,-4.770879
8252926,-3.8727465,-7.277267,-5.4067564
8252936,-4.4655137,-8.2197075,-3.866759
8252946,-5.1217494,-9.123827,-2.7422974
8252956,-5.933661,-8.084389,-2.7901978
8252966,-6.9707046,-3.4284704,-4.405638
8252976,-7.891589,1.8693128,-5.197192
8252986,-2.689607,-3.6164794,-10.817105
8252996,-2.6740394,-9.651929,-12.705579
8253006,-4.519402,-8.954978,-14.925762
8253016,-0.9508228,-3.8092785,-17.12439
8253026,-2.2309606,-6.201903,-19.654728
8253036,-5.692961,-12.086466,-17.46568
8253046,-5.5133348,-15.874189,-10.933264
8253056,-4.8547044,-17.192648,-7.755073
8253066,-4.3062453,-14.564114,-5.9204884
8253076,-3.5194812,-9.679471,-2.2800586
8253086,-1.890868,-5.013973,-4.3864784
8253096,-1.8896704,-2.635719,-7.8987746
8253106,-4.380491,-2.0561242,-5.886958
8253116,-8.368198,-5.542075,-1.6417859
8253126,-9.941726,-9.257948,-0.4682263
8253137,-9.041199,-10.872191,-1.9471508
8253147,-5.9683886,-9.611214,-3.1446607
8253157,-5.2115626,-12.097243,-1.4992822
8253167,-3.145858,-10.759625,1.4992822
8253177,-4.709806,-12.650494,1.4897021
8253187,-5.9683886,-14.360538,-1.9866687
8253197,-6.5934887,-12.117601,-5.395979
8253207,-4.2319994,-7.3467226,-8.346643
8253217,-1.5160474,-4.014053,-10.785971
8253227,-2.15432,-5.127737,-5.2582655
8253237,-5.351671,-10.243499,2.0896544
8253250,-4.9505053,-14.663507,1.0574012
8253260,-7.0233946,-11.851754,7.1934414
8253270,-3.1686108,-5.49178,9.904603
8253280,-4.2643323,-4.9289503,9.522597
8253290,-4.5397596,-5.621111,6.836583
8253300,-3.6883302,-7.268884,4.2511597
8253310,-3.002157,-8.646021,3.6919227
8253320,-1.1963123,-7.841294,1.2250525
8253330,-0.5604346,-5.8965383,1.9519409
8253340,-0.34967285,-3.6583924,-0.88974977
8253350,-0.5137317,-1.2609777,-4.5122166
8253360,-1.7483642,-1.8705102,0.37841308
8253370,-6.9132237,-10.579999,6.788683
8253380,-7.625742,-14.039604,8.34784
8253390,-2.3483167,-10.928474,2.0010388
8253400,-2.6321266,-6.817423,-1.223855
8253410,-5.725294,-7.05453,-3.4188905
8253421,-6.8401756,-8.90588,-2.3339465
8253431,-5.859415,-10.334509,-1.5016773
8253441,-4.89542,-10.050699,0.852627
8253451,-1.9279907,-9.8590975,-0.35326537
8253461,-1.1771522,-10.111773,-1.6645386
8253471,-3.661985,-11.59429,-1.6262183
8253481,-6.377937,-13.159435,-2.535128
8253491,-8.674761,-14.978452,-3.5901344
8253501,-10.066267,-15.677798,-3.6284547
8253511,-9.9572935,-13.172607,-1.1472144
8253521,-7.599397,-9.677076,1.0370435
8253531,-5.49178,-7.294032,2.3614893
8253541,-5.133724,-6.09293,2.8788135
8253551,-6.1468177,-5.8881555,5.219945
8253561,-2.687212,-4.0439906,5.0594788
8253571,-0.979563,-0.10657837,4.1589513
8253581,-0.8418494,1.2777429,1.4274316
8253591,-3.126698,-1.9040406,1.1735595
8253606,-5.1792297,-7.2018237,3.7685633
8253616,-3.9613624,-12.249328,4.8103967
8253626,-1.7184265,-13.585749,3.4212854
8253636,-2.957849,-15.011982,1.2034973
8253646,-5.574408,-18.141075,0.59276736
8253656,-3.742218,-16.55198,2.2297633
8253666,0.16286133,-10.435101,2.9195287
8253676,-1.3687537,-9.061557,2.393822
8253686,-4.176914,-10.165661,4.8918276
8253696,-2.4141798,-0.5065466,9.897418
8253706,-1.3771362,7.5179663,9.807605
8253716,-2.6632617,8.102351,6.983877
8253726,-3.6392322,2.2357507,5.812712
8253736,-3.9577699,-5.346881,6.1599903
8253746,-2.9099488,-10.552456,5.7767873
8253756,-1.2621753,-10.748848,4.980443
8253766,-1.5172448,-9.040001,2.7267296
8253776,-2.6297314,-7.7538757,0.016765136
8253786,-3.8356237,-8.875942,-0.8753796
8253796,-4.1314087,-10.967992,0.040715333
8253806,-4.0188427,-12.973821,1.3603711
8253816,-3.3697925,-13.610896,1.585503
8253826,-4.8403344,-12.090058,2.1830604
8253836,-5.430707,-8.835227,2.7662475
8253846,-6.0222764,-7.2952294,3.3063245
8253856,-7.8712316,-8.303533,5.357659
8253866,-10.5764065,-10.172846,7.04974
8253876,-8.426876,-6.5288234,4.3206153
8253886,-6.9898643,-4.254752,3.1542406
8253896,-8.522677,-5.7767873,2.6740394
8253906,-6.7671275,-5.7193065,-1.0597961
8253916,-8.184979,-7.721543,0.44427612
8253926,-6.786288,-8.750204,3.605702
8253936,-5.344486,-12.298426,7.0413575
8253946,-1.8788928,-11.597882,8.297545
8253956,-1.1603869,-13.025313,6.2486057
8253966,-4.8714695,-14.218034,0.09460327
8253976,-8.977731,-11.436218,0.10897339
8253990,-9.684261,-9.990824,0.32692015
8254000,-9.16095,-9.233997,0.9807605
8254010,-7.1072206,-9.656719,0.51013917
8254020,-5.2235374,-9.85311,0.20477417
8254030,-4.853507,-10.18482,0.38080812
8254040,-5.0331335,-10.490186,1.8944604
8254050,-4.581672,-10.086625,4.477489
8254060,-2.9159362,-8.6843405,6.0055113
8254070,-1.648971,-7.5179663,5.407954
8254080,-2.2632935,-6.452183,4.7624965
8254090,-4.252357,-7.5778418,2.7686427
8254100,-4.9445176,-8.127499,2.374662
8254110,-4.1026683,-8.010143,1.9315833
8254120,-4.287085,-8.640033,0.8466394
8254130,-5.6642213,-9.8028145,1.8142273
8254140,-4.8175817,-9.596844,3.68354
8254150,-3.9649549,-8.381371,4.7517185
8254160,-4.142186,-7.4173756,6.3288393
8254170,-3.4655933,-5.9133034,7.1024303
8254180,-2.3854394,-4.01525,6.229446
8254190,-1.8273998,-2.9015663,6.0977197
8254200,-1.2825329,-2.274071,6.5372057
8254211,-0.7652087,-2.2704785,7.9993653
8254221,-0.6394702,-2.880011,9.16095
8254231,-1.22146,-4.2439747,9.029223
8254241,-1.6322058,-5.388794,7.2341566
8254251,-1.968706,-6.707252,5.6007533
8254261,-3.6320472,-9.865086,3.8943017
8254271,-4.7385464,-12.981006,3.2620165
8254281,-2.074087,-13.0875845,3.0979578
8254291,-2.2321582,-12.960649,1.1184741
8254301,-3.5853443,-13.054054,-0.6730005
8254311,-5.5528526,-13.16183,-0.16884887
8254321,-4.4319835,-11.776311,1.3927039
8254331,-4.775669,-9.524993,2.7866051
8254341,-6.7611403,-9.377699,3.9445972
8254351,-5.7660093,-9.372909,4.90979
8254361,-5.1061816,-8.24725,3.993695
8254371,-5.812712,-7.010222,2.9889843
8254381,-5.989944,-7.235354,3.0416749
8254391,-5.3624487,-7.691605,3.6380346
8254401,-5.2247353,-7.232959,3.2009437
8254411,-5.740862,-6.4174547,2.6153612
8254421,-6.1073,-5.6726036,2.9135413
8254431,-6.5288234,-5.6259007,4.094286
8254441,-6.610254,-6.4497876,5.637876
8254451,-6.0031166,-6.817423,5.6666164
8254461,-5.9635987,-6.8796935,5.2247353
8254471,-5.6270986,-7.0066295,5.6738014
8254486,-4.4427614,-6.8114357,5.3205357
8254496,-4.6319675,-6.2162733,4.7960267
8254506,-4.4595265,-5.0894165,4.806804
8254516,-3.9122643,-3.5314562,5.2019825
8254526,-3.5973194,-4.423601,5.805527
8254536,-4.204457,-4.599635,5.7205043
8254546,-4.3122325,-5.6809864,5.1157618
8254556,-5.3289185,-9.044791,4.9373326
8254566,-6.029462,-12.645703,6.6210313
8254576,-6.0150914,-15.792759,6.3551846
8254586,-5.2163525,-14.837146,7.1431456
8254596,-4.6343627,-13.357024,5.4953723
8254606,-5.854625,-12.684024,3.8883142
8254616,-6.3276415,-10.657837,3.7038977
8254626,-5.8103175,-7.8161464,3.6033068
8254636,-5.4175344,-6.2593837,3.2668066
8254646,-5.4019666,-5.898933,3.253634
8254656,-5.2259326,-6.163583,3.7506006
8254666,-5.0798364,-6.4174547,4.491859
8254676,-4.352948,-6.6377964,3.8835242
8254686,-4.7960267,-7.1347632,3.3494349
8254696,-5.156477,-7.2736745,3.354225
8254706,-4.9600854,-6.8581386,4.123026
8254716,-4.4499464,-6.8090405,4.4152184
8254726,-4.2834926,-6.815028,5.077441
8254736,-3.9565723,-5.7636147,5.0331335
8254746,-4.7277684,-5.2283278,3.8811293
8254756,-5.3265233,-3.9338195,3.624862
8254766,-5.410349,-3.026107,3.505111
8254776,-5.173242,-2.870431,3.2009437
8254786,-5.1876125,-3.6943176,3.4596057
8254796,-5.271438,-5.3217335,4.7301636
8254806,-4.8570995,-7.1778736,6.325247
8254816,-3.998485,-9.025631,7.5023985
8254826,-3.5326538,-9.936936,7.505991
8254837,-3.514691,-9.460327,7.186256
8254847,-3.8763392,-8.249645,6.3935046
8254857,-4.5517344,-7.139553,6.006709
8254867,-5.061874,-6.671327,5.940846
8254877,-5.476212,-6.690487,6.7671275
8254887,-5.2630553,-7.115603,7.388635
8254897,-4.848717,-7.676038,7.5131764
8254907,-4.636758,-7.7047777,7.3934255
8254917,-4.946913,-7.8377013,6.9754944
8254927,-4.9912205,-8.128696,6.8114357
8254937,-5.273833,-8.077204,6.7850904
8254947,-5.372029,-7.95865,6.9132237
8254957,-5.5432725,-7.891589,6.8473606
8254967,-5.950426,-6.9659142,6.803053
8254977,-6.1228676,-5.9923387,6.149213
8254987,-6.3611717,-5.6390734,5.478607
8254997,-6.5060706,-5.527705,5.773195
8255007,-6.3767395,-5.940846,6.604266
8255017,-5.8558226,-6.15041,7.2880445
8255027,-5.4606447,-5.7001467,7.756271
8255037,-5.140909,-5.3205357,7.589817
8255047,-4.829557,-4.6199927,7.4832387
8255057,-4.5637097,-4.2224193,7.2413416
8255067,-4.3517504,-3.9098694,7.186256
8255077,-4.0392003,-3.4620008,6.971902
8255087,-3.690725,-3.187771,6.6282167
8255097,-3.6080968,-3.1063404,6.709647
8255107,-3.485951,-3.1518457,6.7767076
8255117,-3.2692018,-2.9925768,6.8234105
8255127,-3.4021254,-2.7961853,7.0066295
8255137,-3.4057178,-3.0033545,7.0066295
8255147,-3.4500256,-3.2727942,6.9850745
8255157,-3.3566198,-3.2859669,6.8677187
8255167,-3.4057178,-3.4200878,6.7144375
8255177,-3.4727783,-3.622467,7.042555
8255187,-3.4596057,-3.737428,7.235354
8255197,-3.4620008,-3.906277,7.1730833
8255207,-3.8296363,-4.3385777,7.345525
8255217,-3.979325,-4.5373645,7.3910303
8255227,-4.103866,-4.684658,7.4712634
8255237,-4.324208,-4.8355446,7.3095994
8255247,-5.629493,-6.197113,1.4262341
8255257,-3.5182836,1.5304174,3.1769934
8255267,-1.0957215,-2.166295,6.6641417
8255277,0.62989014,-10.669812,10.947635
8255287,-0.42152345,-12.559483,13.040881
8255297,-2.227368,-9.519005,11.097323
8255307,-6.4006896,-7.36229,7.39582
8255317,-8.26641,-6.6749196,5.0870214
8255328,-5.1995873,-1.4382092,4.8714695
8255338,-5.300178,-0.75682616,4.3218126
8255348,-5.945636,-2.2261705,5.1133666
8255358,-5.0498986,-3.9853125,6.4629602
8255368,-4.3493557,-5.2630553,7.4664736
8255378,-4.4691067,-5.8953404,8.287965
8255388,-4.374503,-6.036647,8.53585
8255398,-4.111051,-5.732479,8.309521
8255408,-4.1146436,-5.483397,7.8257265
8255418,-4.2415795,-4.9457154,7.4688683
8255428,-4.0571632,-4.5517344,7.1994286
8255438,-4.1457787,-4.5277843,7.056925
